"title","date","tags","article"
"羽田空港内で強盗、４００万円奪い逃走　第２ターミナル","2018年2月13日12時25分","社会,事件・事故・裁判","東京都大田区の羽田空港第２旅客ターミナルビル内で１２日午後９時ごろ、夜間金庫に売上金を預けようとしていた土産物店のアルバイト店員の女性（３４）に男が刃物を突きつけて脅し、約４００万円を奪って逃走した。警視庁が強盗事件として男の行方を追っている。女性にけがはなかった。東京空港署によると、男は女性の背後から近づき、包丁のような刃物を突きつけて「おい」と声をかけた。驚いた女性が売上金約４００万円が入ったかばんを床に落とすと、男はかばんを拾って逃走したという。男は３０代くらいで、身長１７０センチ程度。灰色のニット帽にズボン、黒のジャンパー姿だったという。"
"財務省公表の森友新文書「面会記録ではない」　麻生氏","2018年2月13日11時47分","社会,事件・事故・裁判,政治","学校法人「森友学園」（大阪市）への国有地売却問題で、学園側との交渉経過が含まれる２０件約３００ページ分の文書を財務省が９日に公表したことについて、麻生太郎財務相は１３日の衆院予算委員会で「（学園側との）面会記録ではない」とし、交渉の記録を「廃棄した」と説明してきた佐川宣寿・前理財局長（現・国税庁長官）の答弁に問題はないとの認識を示した。文書の内容はこちら【速報中】衆院予算委集中審議タイムライン新たに公開した文書は、学園が土地を買う前に賃貸の交渉をしていた２０１３年８月～１５年４月に、近畿財務局内部で契約の法的な課題を検討した際の記録。交渉の経緯として、学園側に貸付料の概算額を伝えたとする記載や、学園側から再三の値引き要求があったことを示す内容も含まれていた。立憲民主党の長妻昭氏は予算委で、文書が学園側との交渉記録にあたると指摘。国会で交渉記録の提出を求められた際に「面会等の記録は廃棄した」と説明してきた財務省の佐川氏の答弁を問題視した。麻生氏は「（文書に）必要な情報として相手方の主張や当方の考え方が含まれている」としつつ、「具体的に相手方とのやりとりを記録した面会記録ではない」と述べた。財務省から今後新たな文書が出てくる可能性を問われると、「今後も（開示の）要請があり、仮に該当する資料があれば、提出に向けて努力する」と答えた。また麻生氏は、佐川氏を国税庁長官にあてた人事について、「多種多様な課題の解決にあたってきた人物で、適任だ」と改めて説明。記者会見が開かれていないことも「前職（理財局長）のことについて国税庁長官として答える立場ではない」とした。"
"通りすがりの女性に抱きついた疑い、小学校教諭を逮捕","2018年2月13日11時45分","社会,事件・事故・裁判,教育・子育て,教育問題","愛知県警は１３日、通りすがりの女性に抱きつき体を触るなどしたとして、同県江南市立古知野南小学校教諭、滝翔太朗容疑者（２５）＝同市高屋町大門＝を強制わいせつの疑いで逮捕し発表した。「間違いない」と容疑を認めているという。江南署によると、滝容疑者は昨年１１月２９日午後８時４５分ごろ、市内の路上で通りすがりの女性（当時１８）の背後から抱きつき、体を触るなどのわいせつな行為をした疑いがある。同署管内では昨年中に同様の事件が複数件発生しており、署が関連を調べている。"
"座間の事件、白石容疑者を７回目の逮捕　大学生殺害容疑","2018年2月13日11時33分","社会,事件・事故・裁判,テック＆サイエンス,有料記事","神奈川県座間市のアパートで男女９人の遺体が見つかった事件で、警視庁は１３日、この部屋に住んでいた白石隆浩容疑者（２７）を、埼玉県所沢市の女子大学生（１９）に対する殺人と死体損壊、死体遺棄の疑いで再逮捕し、発表した。「４番目に殺害した。金銭などが目的だった。５００～１千円を奪った」と供述しているという。捜査１課によると、白石容疑者は昨年９月１６日～同月下旬ごろ、自宅で女子大学生の首をロフトからつるしたロープでつって窒息死させ、遺体を室内の箱などに遺棄した疑いがある。白石容疑者はこれまで、５人に対する殺人容疑などで逮捕されていた。逮捕は今回で７回目。女子大学生は９月１３日午後２時半ごろ、ツイッターに自殺に関する内容を投稿し、白石容疑者と知り合ったという。１５日夜、アルバイト先を出たあとに行方がわからなくなっていた。交通系ＩＣカードの履歴から、女子大学生が現場最寄り駅を１６日午前０時３０分に出ていることが判明。白石容疑者は「駅で会って、寄り道せずに部屋に招き入れた。少し会話をしてすぐに殺害したが、抵抗された」などと述べているという。女子大学生とのやりとりは携帯電話から削除していた。室内からは女子大学生のバッグや財布、スカートなどが見つかっているが、携帯電話は証拠隠滅のために白石容疑者が捨てた可能性が高いとみている。"
"連載：きょうも傍聴席にいます。","2018年2月13日09時18分","社会,事件・事故・裁判,千葉,有料会員限定記事","きょうも傍聴席にいます。管理していた相続財産から約２千万円を着服したとして業務上横領罪に問われた弁護士の男（７５）は、人権擁護活動に熱心に取り組んできた。社会正義の実現を志した弁護士が、一線を越えてしまった理由とは。２０１７年３月９日、千葉地裁８１２号法廷で開かれた初公判。裁判官に職業を問われると、被告は「弁護士です」と答えた。グレーのスーツの左胸には弁護士バッジが輝いていた。被告の頰は、げっそりとやせこけていた。起訴状によると、被告は０９年１１月、千葉家裁八日市場支部から千葉県内の男性の相続財産管理人に選任され、１１年２月～１５年１１月、３０回にわたって男性名義の相続財産口座から現金を払い戻して着服し、計２１６６万円を横領したとされる。起訴状の読み上げが終わった後、裁判官が説明する。裁判官「あなたには黙秘権があります。話したくないことは話す必要はありません」被告「職業柄、承知しています」裁判官「公訴事実に間違いはありますか」被告「いや、その通りです」公判から事件をたどる。被告は１９７０年に弁護士に登録。７３年にほかの弁護士と事務所を開いた。事務所費は折半で、資金が不足すると銀行から融資を受けた。薬害訴訟の原告側弁護人を務めるなど社会問題に取り組む一方、収入を得るための営業活動などはせず、知りあいから紹介された案件のみを引き受けていた。１７年５月３１日の被告人質問。弁護人「弁護士という職業を選択した理由は」被告「社会的弱者の救済、社会正義の実現を考えて志しました」弁護人「弁護士としてどのような経済基盤だった」被告「独立当初は、３人の弁護士で１２畳一間の狭い事務所で、１人だけ事務員を雇っていた。私は主に１０万～１５万円の家賃を払っていた。紹介で少しばかり弁護士の仕事が入ってきたので、ぜいたくをしなければなんとかやっていけた」弁護人「独立してすぐには顧客の開拓などは考えなかった」被告「そうですね」被告は弁護活動の傍ら、精神保健福祉法の改正に向けた運動に携わったほか、差別などで人権を侵された人が国際機関に救済を直接求められる「個人通報制度」の実現に尽力した。弁護人「個人通報制度実現をめざしていた」被告「はい。約３０年前、国会で個人通報制度が取り上げられたが、全く進展がなかった。それが民主党政権時代に、当時の法務大臣が個人通報制度を実現させると明言した。これは千載一遇のチャンスで、これを逃したら同じ機会が来るかわからないと思い、実現に向けて努力した」弁護人「どんな活動をした」被告「外務省の担当者に会ったり、外務大臣に陳情に伺ったりしていた」熱心な活動の裏で、弁護士収入は０７年ごろから徐々に減っていった。０８年には銀行に融資を断られ、折半の事務所経費を支払うことが困難になっていった。弁護人「経済的に厳しくなったのはいつごろで、どういう点でお金が足りなくなった」被告「６５歳を過ぎてから。事務所経費が足りなくなって銀行からお金を借りていたが、６５歳を過ぎたら融資ができません、と言われた」弁護人「遊興費にお金を使うことはあったのか」被告「お金のかかるような趣味は一切ございません。弁護士の同僚と勉強会が終わった後に食事に行くくらい」被告の自宅は東京の郊外。収入が減っても、自宅に事務所を移さず、都心の事務所で働くことにこだわった。弁護人「なぜ都内の事務所を撤退しなかった」弁護人「個人通報制度の委員会を立ち上げ、運動の呼びかけ人であった。若い人がいる手前、一線を引くことができなかった」弁護人「弁護士生命を賭けてでもやりたかった」被告「そうです」弁護人「検事さんからも言われたと思いますが、罪を犯した理由にならない」被告「はい。わかっております」検察官と裁判官も、都心から撤退しなかった理由を尋ねる。検察官「あなたが今回事件を起こした最大の間違いは何か」被告「弁護士会の活動に比重を置きすぎた。（弁護活動など）一般的な仕事を扱わなくなってしまった。０８年の時点で事務所を引き揚げるべきだった」検察官「タイミングを見誤った」被告「個人通報制度の実現を優先したかったので、事務所をそのまま持ちたかった」裁判官「なぜ自宅に活動の拠点を移さなかった」被告「霞が関や永田町から呼び出しがあったとき、自宅からだと１時間半かかる。それではやっていけないと思い、事務所を残しておきたかった」着服に手を染めた被告は、迫る捜査をどう認識していたのか。検察官はその点もただした。検察官「警察から事情を聞かれた時にまずいと気づいたのですか」被告「それより前から、まずいと思いましたね」被告「では薄々、捜査があなたに及びはじめているんではないか、という気持ちはあったんですね」被告「そういう心当たりはあったわけですから」検察官「そのタイミングで弁償すればよかったのではないですか」被告「今思うとそうです」当初、初公判は１７年２月に予定されていた。だが、被告が急性前立腺炎で手術したため、１カ月遅れで公判は始まった。弁護人「２月に手術を受けた」被告「はい。痛みが３日間続いた。何かおかしいと思い、病院で治療を受けた」弁護人「４月には自宅で意識を喪失し、病院に担ぎ込まれた」被告「一晩入院しただけで異常はなかった」弁護人「裁判を延期し、裁判所にも迷惑をかけた。体力的には自信がない」被告「そうですね。体力は落ちています」被告は被害額を弁償するため、自宅の売却を進めているが、買い手が見つかっていないことも明かした。弁護人「今後の生活について、どう考えているか」被告「自宅の売却を済ませてできるだけ賠償したい。時間がかかっても賠償したい」検察官「自宅を処分するとのことだが、具体的な進展は」被告「資料を請求する人はいるが、実際に内覧した人はいないと聞いた」１７年６月１２日。検察側は「相続財産管理人という、裁判所から選任された公的な立場にもかかわらず、弁護士としての活動を続けたいという、極めて身勝手な動機で、多額の金銭を横領し、弁護士及び相続財産管理人制度に対する社会的信用を失墜させた」などとして、懲役４年を求刑した。弁護側は「弁護士の社会的な信頼を失った」としつつも、「私利私欲で公金を流用したわけでなく、弁護士生命を賭けた制度実現のために犯行に及んだ」などと主張し、執行猶予付きの判決を求めた。最終意見陳述で被告は「みなさんにご迷惑をおかけしました。どうもありがとうございました」と述べた。１７年６月２７日、千葉地裁８０４号法廷。被告は懲役２年６カ月の実刑判決を受けた。裁判官は「弁護士の増加などで収入が減少する中、事務所経費を捻出するためカードローンで負債を膨らませ、返済に窮して犯行に至った」と指摘。「弁護士として裁判所の信頼を得て財産管理人に就任した者であり、犯行は強い非難を避けることができない」と批判した。被告はうつむきながら聞いていた。判決を読み終えると、裁判官は言葉に詰まりながら被告に語りかけた。「裁判所としてもこれまでの業績に敬意を評するが、ことさら重視することはこれまでの業績を汚すことになる。きちんとけじめをつけ、残された人生を穏やかに過ごしてほしい」被告は判決を不服としてその日のうちに控訴した。東京高裁は１７年１１月２１日、控訴を棄却。被告は即日、最高裁に上告した。（滝口信之）"
"スパコン前社長、自らの関連口座に還流か　脱税で起訴へ","2018年2月13日04時16分","社会,事件・事故・裁判,東京,有料記事","スーパーコンピューター開発を巡る国の助成金詐欺事件に関連し、法人税法違反（脱税）容疑で再逮捕されたスパコン開発会社前社長斉藤元章容疑者（５０）が、助成金などで関係会社に払った架空外注費の一部を、自らが関係する口座に還流させていたことが関係者への取材でわかった。東京地検特捜部は１３日にも脱税の罪で斉藤容疑者を起訴するとみられる。関係者によると、斉藤容疑者は２０１４年１２月期までの５年間に、経営する「ＰＥＺＹ　Ｃｏｍｐｕｔｉｎｇ」が得た助成金を含む所得約８億５千万円を隠し、法人税２億３１００万円を免れた疑いが持たれている。関係会社「ウルトラメモリ」への外注費を装うなどの手口だったという。斉藤容疑者は００年代後半まで、ウルトラ社の前身会社に個人として数億円を貸し付け、この会社が自動車レースに参戦。ウルトラ社はこの債務を引き継いでおり、斉藤容疑者はＰＥＺＹ社が得た助成金などを架空外注費としてウルトラ社に支払う一方で、その一部を貸付金の返済として、自らが関係する口座に還流させていたという。斉藤容疑者は１０年度以降、これら２社の名義で、経済産業省所管の国立研究開発法人「新エネルギー・産業技術総合開発機構」（ＮＥＤＯ）から五つの事業で計４０億円超の助成金を認められた。このうち、１２～１３年度に得た助成金計約６億５千万円について、特捜部から詐欺罪で起訴された。世耕弘成経済産業相は国会で「（助成金の精算にあたる）確定検査でだまされているんだと思う」と説明。世耕氏は今後、特捜部が起訴していない１５～１７年度の２８億円を超える助成金についても調査。不正が明らかな返還請求額を特定する考えを表明した。"
"次男の死体遺棄容疑で男２人逮捕　埼玉・所沢の親子遺体","2018年2月12日23時31分","社会,事件・事故・裁判,埼玉","埼玉県所沢市西所沢１丁目の住宅で、この家に住む入江富美子さん（７６）と次男の幼稚園バス運転手、大崎欣孝（よしたか）さん（５３）＝同市狭山ケ丘２丁目＝の遺体が見つかった事件で、県警は１２日、次男の遺体を遺棄したとして、ともに住所不定で無職の佐久間義明（５３）、大谷竜次（４２）の両容疑者を死体遺棄の疑いで逮捕し、発表した。県警は２人が容疑を認めているかどうか明らかにしていない。住宅で男女の遺体発見　母親と次男か　埼玉・所沢県警によると、両容疑者は８日ごろ、入江さん方の浴室に、大崎さんの遺体を放置して立ち去った疑いがある。大崎さんはよく入江さんの世話をしに来ていたという。８日午後、２人とも浴室で倒れているのを入江さんの長男らが見つけた。大崎さんの上半身に刃物で複数回刺された傷があった。大崎さんの死因は内臓に血などがたまる血気胸だった。入江さんに目立った外傷はなく、死因は溺死（できし）。県警は２人の死亡に両容疑者が関与していないか、慎重に調べる。佐久間容疑者は大崎さんの中学の同級生で、事件前まで入江さんと同居。大谷容疑者も入江さん方にたびたび出入りし、佐久間容疑者と知り合ったという。事件後２人の行方が分からなくなったが、１２日午後０時５０分ごろ、千葉市中央区で捜査員が発見した。"
"中１少女を誘拐容疑、男を逮捕　長崎、ＳＮＳで知り合う","2018年2月12日23時03分","社会,事件・事故・裁判,長崎","中学１年生の少女を誘拐したとして、長崎県警は１２日、福岡市南区井尻４丁目、契約社員岡村寛容疑者（３９）を未成年者誘拐の疑いで逮捕し、発表した。「間違いありません」と容疑を認めているという。少女にけがはなかった。発表によると、岡村容疑者は１日午後５時半ごろ、長崎県佐世保市の少女宅近くの路上で車に少女を乗せ、福岡市内まで連れていき誘拐した疑いがある。２人はその前日ごろにＳＮＳを通じて知り合ったという。福岡市内の駐車場で１２日、２人が岡村容疑者の車から出てくるところを捜査員が見つけた。少女は福岡市内のアパートで過ごしていたとみられる。「探さないでください」とのメッセージが書かれた少女のタブレット端末が自宅に残されていたことから、母親が１日に行方不明届を出していた。"
"沖縄の事故めぐる産経記事を転載、八重山日報「おわび」","2018年2月12日19時34分","社会,事件・事故・裁判,沖縄はいま","沖縄県内で起きた交通事故をめぐり、産経新聞社が「取材が不十分だった」などとして記事を削除した問題で、インターネット版「産経ニュース」の記事を転載した八重山日報社（本社・沖縄県石垣市）が「お詫（わ）び」を紙面に掲載した。両社は提携関係にある。県警に確認せず「取材が不十分」　産経が記事削除し謝罪９日付紙面のおわび記事によると、八重山日報は昨年１２月１１日、「米兵が日本人男性を救出した」とする産経ニュースの記事を転載。さらに「独自取材」として、救出された日本人男性が米兵に「感謝している」と語ったとする関係者の談話を載せた。しかし、「その後の再取材で、関係者、男性とも米兵に救出された事実を否定した」と説明。記事を訂正した。産経は８日付朝刊１面に「おわびと削除」を掲載し、ネットと紙面の２本の記事を削除した。「米兵が日本人を救出」とした点は事実関係の確認作業が不十分だったとし、「米兵の行動」を報じなかった地元紙の琉球新報と沖縄タイムスを「報道機関を名乗る資格はない。日本人として恥だ」と批判したことには、「行き過ぎた表現があった」として謝罪した。琉球新報と沖縄タイムスは「産経の事実確認は不十分だ」と記事で反論していた。八重山日報の仲新城誠編集長は朝日新聞の取材に「取材のつめが甘かった。救出された本人の話を聞くべきだった。産経の記事は今後も掲載していくが、沖縄に関する記事は、我々で取材、確認をした上で載せる努力をしたい」と話した。"
"除雪作業の事故相次ぐ　広範囲で大雪、１３日も警戒必要","2018年2月12日19時15分","社会,事件・事故・裁判,災害・交通情報","上空に強い寒気が入り込んだ影響で１２日、日本海側を中心に広い範囲で大雪となった。１３日も強い冬型の気圧配置が続く見通しで、気象庁は大雪やなだれへの警戒を呼びかけている。山形県大蔵村の肘折では、１２日午後４時までの２４時間の降雪量が９９センチを記録。同５時、積雪は過去最深の４１６センチに達した。除雪作業中の事故が各地で相次いだ。宮城県加美町では１２日午前１０時１０分ごろ、町道を歩いていた柳川真砂子さん（８７）が、バックしてきた除雪作業の重機車にはねられて死亡した。県警は、運転していた同町の設備工事業中島吉悦容疑者（６９）を自動車運転死傷処罰法違反（過失運転致死）容疑で現行犯逮捕し、発表した。「確認したが、歩行者はいないと思った」と述べている。署によると、事故当時、雪はほとんど降っていなかったが路面は圧雪状態でセンターラインや路側帯が見えにくかったという。新潟県十日町市倉俣の用水路（水深約３０センチ）では同日朝、近くの農業高野新平さん（９０）が倒れているのが見つかり、死亡が確認された。現場周辺は１メートル以上の雪が積もっていたという。県警は、高野さんが雪かき中に足を滑らせて転落した可能性があるとみている。同日午前９時半ごろには同県長岡市宮沢の集水升で近くの小熊矢代江さん（６２）が沈んでいるのが見つかり、死亡が確認された。現場は自宅前の用水路の約４０メートル下流。小熊さんは前日の夕方に雪かきに出てから自宅に戻っておらず、消防が捜索していた。同市富島町では午後４時ごろ、近藤充さん（７８）が自宅前で倒れているのが発見された。首の骨が折れており、搬送先で死亡が確認された。県警は、雪下ろしの際に屋根から転落したとみて調べている。同県燕市内では１２日午前８時４０分ごろ、ＪＲ越後線の東三条発寺泊行き普通列車（３両）が車両の下に雪を抱え込み立ち往生した。ＪＲ東日本によると、乗客は２人で、約１時間半後にＪＲが手配したタクシーに乗り換えたという。"
"横浜の農薬工場で火事　従業員１人死亡","2018年2月12日19時08分","社会,事件・事故・裁判,神奈川","１２日午前９時ごろ、横浜市神奈川区恵比須町の「エス・ディー・エス　バイオテック」の５階建て工場から出火、火は午後０時５分に鎮火した。この火災で、従業員の永田雄太さん（３５）＝横浜市中区錦町＝が病院に運ばれたが、約５時間後に死亡した。神奈川署や横浜市消防局によると現場は工場群の一角で、４９台の消防車が出動した。同社は農薬などを作っているが、有毒なガスの発生などによる避難指示などは出ていないという。同署などが出火原因を調べている。（鈴木孝英）"
"除雪車にはねられ、８７歳女性死亡　作業中にバック","2018年2月12日18時16分","社会,事件・事故・裁判,宮城","１２日午前１０時１０分ごろ、宮城県加美町一本杉の町道で、近くに住む柳川真砂子さん（８７）が道路を歩いていたところ、除雪作業中にバックしてきた重機車にはねられて、死亡した。県警加美署は、運転していた同町の設備工事業中島吉悦容疑者（６９）を自動車運転死傷処罰法違反（過失運転致死）の疑いで現行犯逮捕した。中島容疑者は調べに「確認したが、歩行者はいないと思った」と話しているという。町の委託を受けて除雪作業中だった。署によると、現場は片側１車線のほぼ直線で、歩道はなかった。事故当時、雪はほとんど降っていなかったが、路面は圧雪状態でセンターラインや路側帯が見えにくかったという。"
"福岡の警官、同期の結婚式後に酔ってガラス割った疑い","2018年2月12日07時56分","社会,事件・事故・裁判","福岡市内のマンションで窓ガラスを割ったとして、福岡県警は１２日、南署刑事２課知能犯係の巡査長（２９）を建造物損壊の疑いで現行犯逮捕し、発表した。「やっていない」と容疑を否認しているという。監察官室によると、巡査長の逮捕容疑は１２日午前０時３５分ごろ、福岡市中央区大名１丁目のマンション玄関ロビーの窓ガラス１枚（縦約１８０センチ、横約４０センチ）を壊したというもの。近くの飲食店従業員がガラスの割れる音を聞いて外に出た際、巡査長を発見。現場から離れたため、後を追いながら１１０番通報した。駆けつけた警察官が職務質問し、逮捕した。巡査長は調べに対し、１１日午後にあった同期の結婚式に出席したと説明。検査したところ、呼気１リットルあたり０・６ミリグラムのアルコールが検出されたという。落合喜久司・首席監察官は「警察官が逮捕されたことは誠に遺憾。県民に深くおわび申し上げます」とコメントした。県警では昨年不祥事が相次ぎ、２００５年以降で最多の計２３人が懲戒処分を受けている。（藤山圭）"
"屋根で雪下ろし男性死亡　福井、死者５人・重軽傷６２人","2018年2月11日20時34分","社会,事件・事故・裁判,福井","記録的な豪雪に見舞われた北陸地方などで再び大雪の恐れが強まっている。気象庁によると、北陸の多いところで１２日午後６時までの２４時間に予想される降雪量は８０センチ。１３日午後６時までの２４時間では６０～８０センチの降雪が予想されている。「今回の雪下ろしは悪条件」　北陸の豪雪、専門家が指摘１１日午後６時現在、福井市で８２センチ（平年１９センチ）、金沢市で３６センチ（同１３センチ）と、平年の３～４倍近い雪が残っている。さらに降雪が予想されることから気象庁では大雪や路面凍結による交通障害、ふぶき、雪崩などに注意を呼びかけている。福井県越前市では１０日、平屋住宅の屋根で雪下ろしをしていた運送会社役員大友修一さん（６８）の妻から「夫が落ちて倒れている」と１１９番通報があった。県警によると、大友さんは病院に搬送されたが、１１日未明に死亡が確認された。福井市内では１０日、除雪作業中の重機の運転席で男性作業員（６６）が心肺停止状態で見つかり、その後死亡が確認された。県警によると病死とみられるという。県災害対策本部の１１日午後５時現在のまとめによると、大雪の影響による５日以降の県内の死亡者は５人、重軽傷者は６２人に上った。ピークがいったん過ぎた９、１０日に除雪や雪下ろしの作業に取りかかった人が多く、重軽傷者６２人のうち両日に屋根からの転落などでけがをした人は２８人を占めた。"
"新幹線台車亀裂に厳しい声　宝塚線被害者にＪＲ西説明会","2018年2月11日16時12分","社会,事件・事故・裁判","ＪＲ西日本は１１日、２００５年４月に１０７人が死亡したＪＲ宝塚線（福知山線）脱線事故の被害者に対する説明会を開いた。事故後の安全対策や現場保存について報告する年１回の会で、今回は昨年１２月に新幹線の台車に亀裂が入った状態で運行を続けた重大インシデントについても説明。出席者からは「脱線事故の反省が生かされず、安全最優先の運行になっていない」などと厳しい声が上がった。会は非公開で、来島（きじま）達夫社長ら幹部が説明。出席者によると、ＪＲ西側は、多くの異常を認識しながら運行を止められなかったことについて保守担当と指令の車両の状況認識にずれがあり、運行停止の判断を互いに依存していたことなどを課題に挙げた。その上で、指令と乗務員の連携を強化し、判断基準の明確化などの新たな対策を進めていることを報告し、安全が確認できない場合は「迷わず列車を止める」と説明した。また、脱線事故を教訓に定めた「安全考動計画」を更新し、来年度から５年間で取り組むという内容の説明もあったという。脱線事故で次女が重傷を負った三井ハルコさん（６２）＝兵庫県川西市＝は説明会後、「実際に起こる前に問題に気づくことができる態勢を作ることが大切。ＪＲ西の社員一人ひとりが自分の責任と権限で、安全を最優先できる仕組みを作ってほしい」と話した。"
"住宅火災で男性死亡、妻は意識不明　兵庫・加古川","2018年2月11日12時06分","社会,事件・事故・裁判,兵庫","１０日午後９時５分ごろ、兵庫県加古川市平岡町新在家の野辺成昭さん（７９）方付近から出火、鉄筋コンクリート２階建て住宅の１階部分が焼けた。兵庫県警加古川署によると、２階にいた成昭さんが病院に搬送され、まもなく死亡。妻の鈴代さん（７０）はのどをやけどするなどし、意識不明の重体となっている。"
"ヘリ墜落、直撃の２軒のほか７件で被害　陸自が確認","2018年2月11日11時54分","社会,事件・事故・裁判,政治,国政","佐賀県神埼市で陸上自衛隊のＡＨ６４Ｄ戦闘ヘリコプターが墜落した事故で、陸自は１１日、同日午前８時までに、墜落したヘリが直撃した民家２軒のほかに、現場から約２００メートルの範囲で７件の被害が出ているのを確認したことを明らかにした。ヘリの部品が屋根を貫通したり、倉庫の壁に穴があいたりしているという。防衛相、佐賀県知事に謝罪　陸自ヘリ墜落事故小野寺五典防衛相が同日、墜落事故の謝罪のため、佐賀県の山口祥義知事と会談した際に提出した資料で示した。陸自は、１０日から約１千人態勢で、ヘリの飛行経路にあたる約８キロで、落下物や被害がないか調査している。"
"防衛相、佐賀県知事に謝罪　陸自ヘリ墜落事故","2018年2月11日10時57分","社会,事件・事故・裁判,政治,国政","佐賀県神埼市で陸上自衛隊のＡＨ６４Ｄ戦闘ヘリコプターが住宅に墜落した事故で、小野寺五典防衛相は１１日午前、佐賀県庁で山口祥義知事と会談した。小野寺氏は「防衛省自衛隊として改めておわび申し上げる」と謝罪。山口知事は「最近、部隊関係の事故が多いように感じる。民間人を巻き込んではならないことを肝に銘じて欲しい」と応じた。ヘリ墜落、直撃の２軒のほか７軒で被害　陸自が確認防衛相、被害家族らに謝罪　ヘリ墜落事故後初の現地入り会談で知事は「今回の事故が起きたのは、小学校や幼稚園が立地する住宅地だ。大変憂慮している」と指摘。防衛相に対し、①原因究明②再発防止策の徹底③被害家族や住民への丁寧な対応の３点を要請した。これに対し、小野寺氏は原因究明について「（検証に）学識者も入って早急に結果を出して報告する」と強調。被害者への補償も「防衛省を挙げて誠心誠意対応する」と述べた。（相原亮）"
"「入院より在宅」促進　診療報酬改定、遠隔診療も拡大","2018年2月10日23時44分","社会,事件・事故・裁判,医療・健康・福祉（アピタル）","医療機関で治療を受けたり、薬を出してもらったりする時の４月からの値段が７日、決まった。医療ニーズが急増する「２０２５年問題」を乗り切るため、患者がなるべく入院せずに住み慣れた自宅や施設で治療を受けられる体制づくりを一層加速させる内容だ。遠隔診療の対象も広がる。中央社会保険医療協議会（中医協＝厚生労働相の諮問機関）がこの日、医療サービスの公定価格となる診療報酬の個別の改定内容を決め、答申した。診療報酬は２年に１度見直す。政府は昨年末、全体で１・１９％引き下げると決定。治療代などの「本体」は０・５５％引き上げ、薬代の「薬価」などは１・７４％引き下げるとした。中医協はこの範囲に収まるよう値段を決めた。原則１～３割の患者の自己負担額も変わる。今回の改定は、団塊の世代がすべて７５歳以上になる２５年を強く意識したものになった。今の年約４２兆３千億円から健康保険組合連合会の推計で約５７兆８千億円に膨らむとされる国民医療費をいかに抑えるかが課題だ。患者の急増で入院中心では受け皿が足りなくなる恐れもある。在宅の患者を支えるための柱は、２４時間診療に応じられる新たな仕組みだ。地域の複数の診療所などが連携し、２４時間連絡がついて往診できる体制を築いたら報酬を患者１人当たり月２１６０円加算する。スマートフォンやパソコンを通じて診察する遠隔診療は、保険対象を拡大する。対面診療と適切に組み合わせ、診察や日常生活の指導などをした場合の報酬を新設する。糖尿病といった生活習慣病患者の利用などを想定し、訪問診療や外来の代わりとしても使ってもらう狙いだ。１回当たりの治療代は安くなり、生活習慣病なら対面の２割ほどになる。国民医療費の４割ほどを占める入院費の新たな抑制策も打ち出した。急性期向けで患者７人に対して看護職員１人と最も配置が手厚く、報酬が高い「７対１病床」は高齢化による慢性疾患患者の増加でニーズが下がっているが、なかなか減らない。次に手厚い病床との入院基本料の差額が大きいためで、二つの基準を残しつつ基本料を７段階に細分化し、診療実績も加味して支払う基本料を決める。多死社会の本格化を前に、いまは８割が医療機関で亡くなっている「みとり」に備える見直しもした。６年に１度の同時報酬改定となった介護とも連携。患者の住み慣れた特別養護老人ホーム（特養）で外部の医師がみとった場合、医師側も特養側も報酬を受け取れるようになる。（水戸部六美）"
"ＳＭＳで架空請求、コンビニ払い狙う　収納代行悪用急増","2018年2月10日23時06分","社会,事件・事故・裁判,テック＆サイエンス","「収納代行」を悪用した新たな架空請求詐欺の手口が急増している。警察庁によると、昨年の被害は９２４件（被害総額８億３千万円）に上る。収納代行は、コンビニで十数桁の番号を店員に伝えたり、店内の端末に入力したりしてネット通販などの代金を収納代行業者を通じて支払うことができるサービス。番号は商品の注文時に「コンビニ払い」を選べば利用者に通知される仕組みだ。警察庁によると、犯人側は電子マネーのギフト券などをネット通販で注文して収納代行に必要な番号を入手。一方で「有料サイト利用料が未納」などとする虚偽の内容のショートメールを、不特定多数に送りつける。反応があった人に収納代行に使う番号を伝え、コンビニで支払わせる。被害者は有料サイトの利用料を支払ったつもりが、犯人側の買い物代を支払わされてしまう形だ。架空請求詐欺ではここ数年、被害者にコンビニでプリペイド式電子マネーを買わせて、記載された番号を聞き出し、犯人側が電子マネーを使う手口が目立っていた。ただ１枚の利用額の上限があり、多額の電子マネーを詐取するには被害者に大量に購入させる必要があり、店員に不審に思われるリスクがあった。このため、一度に１０万円以上の支払いもできる収納代行が狙われていると警察庁はみている。警察はコンビニなどと連携し、店内の端末に注意喚起表示をするなどの対策を進めている。（浦野直樹）"
"２１歳女性、首絞められ死亡　殺人未遂容疑で母親を逮捕","2018年2月10日23時00分","社会,事件・事故・裁判","娘を殺害しようとしたとして、警視庁は１０日、東京都昭島市田中町３丁目、無職清水悦子容疑者（６３）を殺人未遂の疑いで現行犯逮捕し、発表した。娘は搬送先の病院で死亡し、同庁は容疑を殺人に切り替えて詳しい動機などを調べる。清水容疑者は「殺そうとしたことは間違いない」と容疑を認めているという。昭島署によると、清水容疑者は１０日午後２時ごろ、自宅の集合住宅の一室で、長女で無職の萌さん（２１）の首を絞めて殺そうとした疑いがある。「子どもに手をかけた」という内容の電話を受けた都内の報道機関から同日午後２時２０分ごろに１１０番通報があり、駆けつけた署員が室内で首にネクタイが巻きつけられた状態で倒れている萌さんを発見した。萌さんは約２時間後に死亡が確認された。清水容疑者は萌さんと夫の３人暮らしで、夫は事件当時は外出中だったという。現場はＪＲ昭島駅の南西約３キロの多摩川沿いにある集合住宅の一角。"
"流出ＮＥＭ、闇サイトで別の仮想通貨と交換　警視庁確認","2018年2月10日21時41分","社会,事件・事故・裁判,有料記事","仮想通貨交換業者「コインチェック」（東京都渋谷区）から顧客資産の仮想通貨ＮＥＭ（ネム）約５８０億円分が不正流出した問題で、警視庁は、流出したＮＥＭの一部が別の仮想通貨に交換されたことを確認した。捜査関係者への取材でわかった。同庁は、流出に関与した人物が資金洗浄を進めた疑いがあるとみている。特集：仮想通貨流出問題とは捜査関係者によると、匿名化ソフトを使わないと接続できない「ダークウェブ（闇サイト）」上でＮＥＭと別の仮想通貨との交換を持ちかけるサイトを確認。９日までに、このサイトにアクセスした日本人男性と接触し、男性が別の仮想通貨「ライトコイン」と少額のＮＥＭを交換した事実を確認したという。このサイトの存在は、ＮＥＭが流出先の口座から別の口座に送金された際に添付されたメッセージに書かれていた。その際、「１５％オフ」などとＮＥＭを割安で交換すると読める文言もあった。流出先の口座の取引履歴を朝日新聞が解析したところ、警視庁がサイトの存在を確認した７日以降、ある特定の口座から不特定多数の口座へ３００回近く送金があった。総額は直近の相場で計４億円を超える。特定の口座から、サイトにアクセスした交換希望者にＮＥＭが渡っていた可能性がある。捜査幹部は「流出したＮＥＭとわかって交換に応じた場合、マネーロンダリングに関与したとみなされ捜査対象となる可能性がある」と話す。"
"横須賀基地の米兵が薬物使用・売買か　米紙報道","2018年2月10日20時06分","社会,事件・事故・裁判","米紙ウォールストリート・ジャーナルは９日、米海軍横須賀基地（神奈川県）に所属する兵士１０人以上が薬物を使用したり売買したりしていた疑いがあるとして米海軍が捜査していると報じた。インターネットなどを通じ日本人と売買していた可能性もあるという。同紙によると、薬物を使用していた兵士の一部は、原子力空母ロナルド・レーガンの乗組員という。（ワシントン＝土佐茂生）◇米紙ウォールストリート・ジャーナルが米海軍横須賀基地（神奈川県）に所属する兵士１０人以上が薬物を使用したり売買したりしていた疑いがあるとして米海軍が捜査していると報じたことについて、在日米海軍は１０日、取材に対し「海軍犯罪捜査局は横須賀を拠点とする複数の海軍兵を薬物使用及び売買の容疑で捜査中で、詳細はコメントできない。米海軍は薬物の乱用を一切許しておらず、不祥事を深刻に受け止めている」とコメントした。（前田基行）"
"強盗致死傷の疑いで男２人逮捕　甲府の会社役員死亡事件","2018年2月10日19時36分","社会,事件・事故・裁判","甲府市の住宅で２０１６年８月に会社役員の男性が暴行され死亡した事件で、山梨県警は１０日、神奈川県厚木市緑ケ丘５丁目の無職武井北斗容疑者（２４）と山梨県甲斐市富竹新田のアルバイト金丸拓人容疑者（２４）を強盗致死傷の疑いで逮捕し、発表した。いずれも認否を明らかにしていない。県警捜査１課によると、２人は１６年８月１７日午後１０時１５分ごろ、甲府市朝気１丁目の若宮利雄さん（当時７３）宅に押し入り、若宮さんに暴行を加え金品を奪おうとし、警報装置の作動で駆け付けた男性警備員（同３４）にも暴行を加えた疑いがある。腹などに暴行を受けた若宮さんは搬送先の病院で翌１８日に死亡し、警備員も顔などに約２週間の軽傷を負った。"
"母は溺死、次男は刺し傷　埼玉・所沢２遺体の死因判明","2018年2月10日19時22分","社会,事件・事故・裁判,埼玉","埼玉県所沢市西所沢１丁目の住宅で、住人の入江富美子さん（７６）と次男の幼稚園バス運転手大崎欣孝（よしたか）さん（５３）＝同市狭山ケ丘２丁目＝の遺体が見つかった事件で、県警は１０日、司法解剖の結果、入江さんは溺死（できし）、大崎さんは刺し傷により内臓に血などがたまる血気胸が死因だったと発表した。住宅で男女の遺体発見　母親と次男か　埼玉・所沢発表によると、２人の遺体は浴室で見つかった。入江さんに目立った外傷はなく、人為的に溺れさせられたのかどうかは特定できていないという。一方、大崎さんは上半身を刃物で複数回刺され、傷は臓器にも達していた。捜査関係者によると、血痕は浴室以外にもあったという。県警によると、入江さんは７日昼、大崎さんは同日夜以降、遺体が見つかった８日午後までの間に死亡したとみられる。入江さんと同居していた５０代男性とは、１０日夕の時点でなお連絡が取れていないといい、県警は何らかの事情を知っている可能性があるとみて行方を捜している。"
"防衛相、被害家族らに謝罪　ヘリ墜落事故後初の現地入り","2018年2月10日18時55分","社会,事件・事故・裁判,政治,国政,有料記事","佐賀県神埼（かんざき）市で陸上自衛隊のＡＨ６４Ｄ戦闘ヘリコプターが住宅に墜落した事故を受け、小野寺五典防衛相が１０日、事故後初めて現地入りした。小野寺氏は負傷した女児の家族や地元首長らに謝罪し、フライトレコーダーの分析などを通じて事故原因の究明を急ぐ考えを示したが、地元の不安を払拭（ふっしょく）できるかは不透明だ。【動画】陸自ヘリ墜落、真っ逆さまに　「住宅が燃えている」小野寺氏はこの日、墜落現場を視察した後、被害者家族と周辺３市町の役所を訪ねた。墜落現場では、炎上した住宅の被害状況などの説明を受けた。神埼市の松本茂幸市長との面会では、小野寺氏は「ご迷惑をおかけし、防衛省・自衛隊として心からおわび申し上げる」と頭を下げて謝罪。原因究明と再発防止に努めるとしたほか、主要部品は回収済みで放射性物質の影響はないことなどを説明した。同席した陸自幹部は、墜落した住宅のほかにも周辺の３軒に被害があると明らかにした。松本市長は「事故が二度とないようにお願いしたい。こういうこと（事故）が恒常的になることを非常に恐れている」と述べ、「しっかりと住民を守ってほしい」と強調した。小野寺氏は、被害家族とも非公開で面会した。面会後、記者団に「けがを負わせることになってしまったことについて謝罪させていただいた」と説明。住宅と生活の再建や心のケアにも取り組む考えを示した。小野寺氏の現地訪問は、事故から５日後。防衛省内では当初、原因がわからない中での訪問に消極論が強かった。しかし、安倍政権が九州北部で進める南西防衛の拠点づくりに水を差したくないという事情から、早期訪問が実現した。防衛省は来月、離島防衛の専門部隊「水陸機動団」を長崎県佐世保市に発足させる。この部隊を運ぶ輸送機オスプレイは佐賀空港に配備する方針だ。ただ、地元漁協の反発もあって配備計画は進んでいない。小野寺氏は１１日に佐賀県の山口祥義知事と会談する。今回の事故について改めて謝罪し、再発防止を約束する考えだが「オスプレイはただでさえ『危ない』と思われているのに、今回の事故は最悪」（防衛省幹部）なだけに、代替候補地の検討が加速しそうだ。（相原亮）"
"ＪＲ東海道線の窓ガラスにひび　「蒲田駅あたりで音」","2018年2月10日18時35分","社会,事件・事故・裁判","１０日午後３時半ごろ、ＪＲ品川駅（東京都港区高輪３丁目）の職員から「東海道線上り電車の窓ガラスが割れた」と１１０番通報があった。乗客は「川崎駅を出た後、蒲田駅を通過したあたりで音がした」などと話しているといい、警視庁とＪＲ東日本が詳しい原因を調べている。高輪署とＪＲ東によると、割れたのは１０両編成の電車の７号車の座席背面の窓ガラス。大きさは縦約９７センチ、横約７３センチで、１～２センチの穴が一つ開き、クモの巣状にひびが入っていた。車内から石などは発見されていない。けが人はいなかった。この電車は品川～小金井駅間を運休し、後続の電車は別のホームを使って運転を継続した。"
"父親の遺体を海に捨てた疑い、次男を逮捕　遺体は未発見","2018年2月10日13時16分","社会,事件・事故・裁判","愛知県田原市沖の三河湾で２０１６年１０月、父親の遺体を捨てたとして、愛知県警は１０日、次男の農業小林大介容疑者（３１）＝愛知県豊橋市牟呂公文町＝を死体遺棄容疑で逮捕し、発表した。容疑について黙秘しているという。県警によると、父親は不動産業の生治さん（当時６３）＝同市牟呂町。小林容疑者の逮捕容疑は、１６年１０月２４日ごろ、生治さんの遺体をゴムボートで三河湾へ運び、海中に投棄したというもの。生治さんはこの２日前、同居の母親が姿を見たのを最後に連絡が取れなくなり、同３１日に長男が豊橋署へ相談に訪れ、行方不明者届を提出していた。捜査関係者によると、小林容疑者は昨年３月、県警の任意の事情聴取を受けた際、三河湾に生治さんの遺体を遺棄した、と話していた。自分が生治さんを殺害した、という趣旨の説明もしていたといい、県警は、生治さんの死亡の経緯についても調べる。県警と海保で昨年３月以降、生治さんの捜索を続けているが、遺体は発見されていない。"
"ホテルの温泉で男性倒れる　硫化水素？救助の４人も搬送","2018年2月10日13時10分","社会,事件・事故・裁判,長野","９日午後２時４５分ごろ、長野県山ノ内町平穏の「志賀高原ホテル一望閣」の従業員から「風呂場で人が倒れている。硫黄の臭いがする」と１１９番通報があった。長野県警中野署や岳南広域消防本部によると、ホテルの浴室内で、スキースクールのスタッフの男性が倒れているのを他のスタッフが発見。救助のため浴室に入った男性スタッフ４人も、その後、体調不良を訴え、５人全員が病院に救急搬送された。いずれも命に別条はないという。同消防本部によると、ホテルの温泉には硫黄成分が含まれており、救出時に浴室内では、濃い硫化水素が検出された。署が換気の状況などを調べている。"
"陸自ヘリ墜落、防衛相が現場訪問　住民と面会へ","2018年2月10日11時53分","社会,事件・事故・裁判","佐賀県神埼（かんざき）市で陸上自衛隊のＡＨ６４Ｄ戦闘ヘリコプターが住宅に墜落した事故で、小野寺五典防衛相が１０日、墜落現場を訪れた。ヘリが墜落した住宅にいて軽傷を負った女児（１１）の父で、事故後に「なぜ試験飛行で小学校、幼稚園、民家があるような場所を飛行したのか」とのコメントを出した川口貴士さん（３５）とは午後に面会する予定だという。戦闘ヘリはエンジンの出力を主回転翼に伝える部品を交換した後の試験飛行で目達原（めたばる）駐屯地を離陸し、７分後の５日午後４時４０分ごろに墜落した。事故から５日後の１０日に現場に入った小野寺氏は、炎上した住宅の被害状況や落下物の回収状況などを陸上自衛官の説明を受けながら確認した。神埼市役所や墜落機が所属していた目達原駐屯地のある同県吉野ケ里町役場も訪問し、１１日には山口祥義知事と会談する。一方、陸自は１０日朝から１千人態勢で、駐屯地から現場までの約８キロの飛行経路で地上への落下物や被害の有無を確認している。"
"シンドラー社製エレベーター事故、元課長の無罪確定","2018年2月10日09時23分","社会,事件・事故・裁判","東京都港区の公共住宅で２００６年、シンドラー社製のエレベーターに市川大輔（ひろすけ）さん（当時１６）が挟まれて死亡した事故で、業務上過失致死罪に問われた同社元課長（４９）の無罪判決が１０日、確定した。一審の無罪を支持した東京高裁判決に対し、東京高検が期限の９日までに上告しなかった。シンドラー社製エレベーター事故、無罪確定へ無罪確定を受け、市川さんの母正子さん（６５）は「何ら落ち度のない１６歳の命が奪われたのに、法律で救えないことに大きな憤りを感じる。法律に阻まれ、どこに訴えたらいいのか、やりきれなさが募る」と語った。東京高検の曽木徹也次席検事は「上告を求めるご遺族の意向も踏まえ、判決内容を慎重に検討したが、適法な上告理由が見いだせず上告を断念せざるを得ない」とコメントした。今年１月の東京高裁判決は、事故原因とされたブレーキ部品の異常摩耗の発生時期について、「（元課長が最後に調べた）０５年１１月には発生していなかった可能性が高い」と判断し、検察側の控訴を棄却した。（長谷文）"
"日医大６．６億円申告漏れ、国税指摘　謝礼計上せず","2018年2月10日05時01分","社会,事件・事故・裁判,有料記事","学校法人・日本医科大学（東京都文京区）が、２０１７年３月期までの７年間で計約６億６千万円の申告漏れを東京国税局から指摘されたことがわかった。このうち約２千万円は、付属病院の医師の派遣先からの謝礼などを計上していなかったとして所得隠しと認定されたという。同大は「ほとんどは解釈の違いによるものだが、指摘に従い修正申告した」としている。関係者によると、申告漏れの大半は学校法人などの非課税制度をめぐるもの。公益目的事業に関係するとして申告した管理費の一部を、課税対象の収益事業に関係すると認定された。さらに、同大は各地の医療機関からの求めで付属病院の医師を派遣しているが、派遣先が支払った謝礼や紹介料などの一部を、学校法人の口座ではなく、派遣された医師が所属する医局の口座で受け取っていた。民間企業からの委託研究費などの一部もこうした口座に入っていたという。国税局は、これらの入金は収益事業で法人所得として申告すべきだったと認定した模様だ。謝礼や委託研究費、「実態見えにくい」国税局から所得隠しと認定された医師派遣の謝礼や企業からの委託研究費。日本医科大の医師らは「実態が見えにくい。もっと透明にすべきだ」と指摘する。「派遣先が田舎の小さな病院ほど、主任教授への『お礼』は大きいようだ」。同大付属病院の４０代の男性医師はそう話す。「派遣」の形は様々で、付属病院を退職して再就職先で１年ほど常勤をすることもあれば、在籍したまま週１回だけ診療を請け負うような例もあるという。「都心の病院でのアルバイトならいいが、引っ越して地方の病院で働くとなると多くの医師は尻込みする。そういう場合、病院側が主任教授にけっこうな額を払ったと聞いたことがある」同大の元主任教授の男性は在職中、盆暮れに企業や医療機関から大量の付け届けがあったと明かす。家族が現金入りの封筒を受け取ってしまったこともあったといい、あわてて送り返した。「自分は断ったが、受け取る人間がいても驚かない」と話す。同大の広報担当者は「外部との資金のやりとりは学校法人が窓口だが、一部の医局で徹底されていなかった」としている。（花野雄太）"
"バレンタインチョコ盗んだ疑い　「足踏まれ腹いせに」","2018年2月9日23時16分","社会,事件・事故・裁判,愛知","愛知県警中署は９日、百貨店の倉庫からバレンタイン用のチョコレートを盗んだとして、名古屋市中区のパートの女（５３）を建造物侵入と窃盗の疑いで逮捕し、発表した。容疑を認めているという。署によると、女は９日午後５時２５分ごろ、名古屋市中区の百貨店の地下倉庫に侵入し、百貨店で売られる予定だった有名ブランドのバレンタイン用チョコレート６箱が入った段ボール箱（販売価格計３万８８８０円）を盗んだ疑いがある。目撃した店員が現行犯逮捕した。署の調べに対し、女は「以前販売員に足を踏まれたが謝ってもらえず、腹いせにやった」と話しているという。"
"東京・中野の住宅で８０代夫妻が死亡　警察が死因調べる","2018年2月9日22時38分","社会,事件・事故・裁判","９日午後６時ごろ、東京都中野区弥生町４丁目の２階建て住宅で、住人の下邑（しもむら）政弥さん（８９）と妻の正代さん（８７）が２階の和室で倒れているのを家族が見つけ、１１０番通報した。２人はすでに死亡しており、警視庁が今後司法解剖して詳しい死因を調べる。中野署によると、和室は普段２人が寝室として使用しており、下邑さんは畳の上で、正代さんは布団の上で、いずれも部屋着姿でうつぶせの状態で見つかった。２人に目立った外傷はなく、室内に荒らされたような形跡もなかったという。下邑さん夫妻は５０代の長男夫妻と孫、５０代の次男との６人暮らしで、この日は次男以外は仕事で外出していたという。"
"客室のＮＨＫ受信料、ホテル側敗訴　最高裁判決","2018年2月9日22時36分","社会,事件・事故・裁判,カルチャー,テレビ・芸能","客室などにテレビを設置しているのに受信契約に応じないとして、ＮＨＫが東京都内のホテル運営会社に受信料の支払いを求めた訴訟で、最高裁第三小法廷（戸倉三郎裁判長）は９日、運営会社側の上告を退ける判決を言い渡した。運営会社側が客室数に応じた受信料をテレビ設置時から支払うよう命じた一、二審判決が確定した。最高裁大法廷は昨年１２月、契約に応じない個人の訴訟で、受信料制度を定めた放送法の規定を合憲と判断。今回の判決もこの判断を引用し、合憲と結論づけた。ＮＨＫによると、契約に応じない事業所に受信料支払いを求めた訴訟で、最高裁判決は初めてという。一、二審判決によると、運営会社は２０１３年８月までに、東京と群馬の三つのホテルの客室など計約２８０の部屋にテレビを設置した。同年１０月にＮＨＫから受信契約を申し込まれたが拒んだところ、設置当時からの受信料支払いを求めて裁判を起こされていた。ＮＨＫは「主張が認められた妥当な判決だと受け止めている」とのコメントを出した。（岡本玄）"
"遺体は７６歳母と５３歳次男　所沢の事件","2018年2月9日21時10分","社会,事件・事故・裁判,埼玉","埼玉県所沢市西所沢１丁目の住宅で男女の遺体が見つかった事件で、県警は９日、遺体は住人の入江富美子さん（７６）と、次男の幼稚園バス運転手大崎欣孝（よしたか）さん（５３）＝同市狭山ケ丘２丁目＝と判明したと発表した。県警は、大崎さんが殺害されたと断定し、所沢署に１００人態勢の捜査本部を設置した。住宅で男女の遺体発見　母親と次男か　埼玉・所沢発表によると、２人の遺体は２階建て住宅の１階浴室で発見された。大崎さんの上半身に複数の刺し傷があった。入江さんに目立った外傷はないが、司法解剖して詳しい死因を調べる。入江さんと同居していた５０代男性の所在がわからなくなっており、県警は何らかの事情を知っている可能性があるとみている。玄関や窓は施錠され、室内には大きく荒らされた形跡はなかったという。大崎さんは入江さんの介護のために７日に入江さん宅を訪れていたといい、８日、大崎さんの妻と兄（５５）が入江さん宅を訪れ、遺体を見つけた。"
"木造船乗組員８人を北朝鮮へ強制送還　札幌入管","2018年2月9日19時32分","社会,事件・事故・裁判,北海道","北朝鮮から来た木造船の乗組員が北海道松前町沖の松前小島で発電機などを盗んだとされる事件で、札幌入国管理局は９日、起訴された船長らを除く８人を北朝鮮に向けて強制送還した。木造船、突然のエンジン起動　海保が１時間後に確保札幌入管によると、強制送還されたのは、乗組員１０人のうち、窃盗罪で起訴された自称北朝鮮国籍の船長カン・ミョンハク被告（４５）と結核に感染して入院中の男性を除く８人。中国経由で送還したという。９日午前１０時２５分ごろ、乗組員を乗せたバスが札幌入管を出発。午後に新千歳空港から民間機で北京に向かったとみられる。"
"沖縄本島北部に油状の固まり　タンカー事故の流出油か","2018年2月9日16時48分","社会,事件・事故・裁判,沖縄","沖縄本島北部西岸の本部（もとぶ）町や今帰仁（なきじん）村の海岸で８日、油状の固まりなどが漂着しているのが見つかった。１月に東シナ海で起きたタンカー事故による流出油の可能性もあるとみて、第１１管区海上保安本部（那覇市）が調べている。油状固まり７キロ、鹿児島・宝島に　タンカー事故関連か１１管によると、８日午前１１時５５分ごろ、環境省那覇自然環境事務所から「今帰仁村の海岸に油が付着したペットボトルが流れ着いた」と連絡があり、その後、本部町からも同様の通報があった。１１管は９日午前までに、備瀬（びせ）海岸など両町村の５カ所から、油のような数十センチの黒い固まり計１６個と、油状のものが付いた漂着ごみのペットボトル計２４本を回収。成分はわかっていないが、いずれも強い刺激臭がするという。東シナ海では１月６日、中国・上海沖約３００キロの海上で、パナマ船籍のタンカーが貨物船と衝突。漂流したのち１４日に日本の排他的経済水域（ＥＥＺ）内で爆発して沈没し、大量の油が流出した。今月になって鹿児島県・奄美大島などで油の漂着が相次いでいた。"
"「マッサージ体験しませんか」体触った疑い　銀行員逮捕","2018年2月9日14時41分","社会,事件・事故・裁判","「マッサージの体験モニター」と称して声をかけた女性の体を触ったなどとして、警視庁が三井住友銀行員の谷川輝容疑者（２５）＝東京都世田谷区＝を準強制わいせつの疑いで逮捕していたことが、綾瀬署への取材でわかった。署は認否は明らかにしていない。署によると、谷川容疑者は１月上旬の日中、東京都足立区の路上で２０代女性に「マッサージの体験モニターになりませんか」などと声をかけてホテルに誘い込み、上半身を触るなどした疑いがある。同区内では昨年１２月以降、同様の言葉で声をかけられた女性の被害が数件確認されており、署が関連を調べている。三井住友銀行によると、谷川容疑者は同区内の支店に勤務し、主に法人営業を担当していた。同行は「捜査中につき内容はわかりかねますが、事実関係を確認し、事実であれば厳正に対処します」とコメントした。"
"住宅火災、１人死亡　３人と連絡取れず　広島・江田島","2018年2月9日11時38分","社会,事件・事故・裁判,広島","９日午前５時ごろ、広島県江田島市大柿町柿浦の稲田順子さん（７５）方付近から出火、木造２階建て住宅が全焼した。広島県警によると、焼け跡から１人が焼死体で見つかったという。県警が遺体の身元や出火原因を調べている。県警によると、この住宅には稲田さんのほか、７０代と５０代の男性の計３人が住んでいるとみられ、いずれも連絡が取れていないという。江田島市は、広島湾に浮かぶ能美島と江田島、その周辺に点在する島々からなる。現場は、能美島にある同市役所から東に約１キロ離れた海沿いの住宅地。現場近くに住むカキ養殖業者の男性は「消防車のサイレンで目が覚めた。普段はのどかな場所なのに」と言葉を詰まらせた。近所に住む女性（７７）も隣人の「火事じゃ、逃げて」という声で自宅の外に出たという。「火が燃え広がるのが早かった。近くで火事が起きるなんて」と驚いた様子だった。近くの自動車販売業の男性は「２００メートルほど離れた自宅からでも黒煙が上がっているのが見えた。２階が焼け落ちるほど激しく燃えていて、近づけなかった」と不安そうに話した。"
