"横浜の農薬工場で火事　従業員１人けが","2018年2月12日12時42分","社会,事件・事故・裁判,神奈川","１２日午前９時ごろ、横浜市神奈川区恵比須町の「エス・ディー・エス　バイオテック」の５階建て工場から出火。男性従業員１人がけがをし、病院に運ばれた。火は午後０時５分に鎮火した。神奈川署や横浜市消防局によると現場は工場群の一角で、４９台の消防車が出動した。同社は農薬などを作っているが、有毒なガスの発生などによる避難指示などは出ていないという。同署などが出火原因を調べている。（鈴木孝英）"
"福岡の警官、同期の結婚式後に酔ってガラス割った疑い","2018年2月12日07時56分","社会,事件・事故・裁判","福岡市内のマンションで窓ガラスを割ったとして、福岡県警は１２日、南署刑事２課知能犯係の巡査長（２９）を建造物損壊の疑いで現行犯逮捕し、発表した。「やっていない」と容疑を否認しているという。監察官室によると、巡査長の逮捕容疑は１２日午前０時３５分ごろ、福岡市中央区大名１丁目のマンション玄関ロビーの窓ガラス１枚（縦約１８０センチ、横約４０センチ）を壊したというもの。近くの飲食店従業員がガラスの割れる音を聞いて外に出た際、巡査長を発見。現場から離れたため、後を追いながら１１０番通報した。駆けつけた警察官が職務質問し、逮捕した。巡査長は調べに対し、１１日午後にあった同期の結婚式に出席したと説明。検査したところ、呼気１リットルあたり０・６ミリグラムのアルコールが検出されたという。落合喜久司・首席監察官は「警察官が逮捕されたことは誠に遺憾。県民に深くおわび申し上げます」とコメントした。県警では昨年不祥事が相次ぎ、２００５年以降で最多の計２３人が懲戒処分を受けている。（藤山圭）"
"屋根で雪下ろし男性死亡　福井、死者５人・重軽傷６２人","2018年2月11日20時34分","社会,事件・事故・裁判,福井","記録的な豪雪に見舞われた北陸地方などで再び大雪の恐れが強まっている。気象庁によると、北陸の多いところで１２日午後６時までの２４時間に予想される降雪量は８０センチ。１３日午後６時までの２４時間では６０～８０センチの降雪が予想されている。「今回の雪下ろしは悪条件」　北陸の豪雪、専門家が指摘１１日午後６時現在、福井市で８２センチ（平年１９センチ）、金沢市で３６センチ（同１３センチ）と、平年の３～４倍近い雪が残っている。さらに降雪が予想されることから気象庁では大雪や路面凍結による交通障害、ふぶき、雪崩などに注意を呼びかけている。福井県越前市では１０日、平屋住宅の屋根で雪下ろしをしていた運送会社役員大友修一さん（６８）の妻から「夫が落ちて倒れている」と１１９番通報があった。県警によると、大友さんは病院に搬送されたが、１１日未明に死亡が確認された。福井市内では１０日、除雪作業中の重機の運転席で男性作業員（６６）が心肺停止状態で見つかり、その後死亡が確認された。県警によると病死とみられるという。県災害対策本部の１１日午後５時現在のまとめによると、大雪の影響による５日以降の県内の死亡者は５人、重軽傷者は６２人に上った。ピークがいったん過ぎた９、１０日に除雪や雪下ろしの作業に取りかかった人が多く、重軽傷者６２人のうち両日に屋根からの転落などでけがをした人は２８人を占めた。"
"新幹線台車亀裂に厳しい声　宝塚線被害者にＪＲ西説明会","2018年2月11日16時12分","社会,事件・事故・裁判","ＪＲ西日本は１１日、２００５年４月に１０７人が死亡したＪＲ宝塚線（福知山線）脱線事故の被害者に対する説明会を開いた。事故後の安全対策や現場保存について報告する年１回の会で、今回は昨年１２月に新幹線の台車に亀裂が入った状態で運行を続けた重大インシデントについても説明。出席者からは「脱線事故の反省が生かされず、安全最優先の運行になっていない」などと厳しい声が上がった。会は非公開で、来島（きじま）達夫社長ら幹部が説明。出席者によると、ＪＲ西側は、多くの異常を認識しながら運行を止められなかったことについて保守担当と指令の車両の状況認識にずれがあり、運行停止の判断を互いに依存していたことなどを課題に挙げた。その上で、指令と乗務員の連携を強化し、判断基準の明確化などの新たな対策を進めていることを報告し、安全が確認できない場合は「迷わず列車を止める」と説明した。また、脱線事故を教訓に定めた「安全考動計画」を更新し、来年度から５年間で取り組むという内容の説明もあったという。脱線事故で次女が重傷を負った三井ハルコさん（６２）＝兵庫県川西市＝は説明会後、「実際に起こる前に問題に気づくことができる態勢を作ることが大切。ＪＲ西の社員一人ひとりが自分の責任と権限で、安全を最優先できる仕組みを作ってほしい」と話した。"
"住宅火災で男性死亡、妻は意識不明　兵庫・加古川","2018年2月11日12時06分","社会,事件・事故・裁判,兵庫","１０日午後９時５分ごろ、兵庫県加古川市平岡町新在家の野辺成昭さん（７９）方付近から出火、鉄筋コンクリート２階建て住宅の１階部分が焼けた。兵庫県警加古川署によると、２階にいた成昭さんが病院に搬送され、まもなく死亡。妻の鈴代さん（７０）はのどをやけどするなどし、意識不明の重体となっている。"
"ヘリ墜落、直撃の２軒のほか７件で被害　陸自が確認","2018年2月11日11時54分","社会,事件・事故・裁判,政治,国政","佐賀県神埼市で陸上自衛隊のＡＨ６４Ｄ戦闘ヘリコプターが墜落した事故で、陸自は１１日、同日午前８時までに、墜落したヘリが直撃した民家２軒のほかに、現場から約２００メートルの範囲で７件の被害が出ているのを確認したことを明らかにした。ヘリの部品が屋根を貫通したり、倉庫の壁に穴があいたりしているという。防衛相、佐賀県知事に謝罪　陸自ヘリ墜落事故小野寺五典防衛相が同日、墜落事故の謝罪のため、佐賀県の山口祥義知事と会談した際に提出した資料で示した。陸自は、１０日から約１千人態勢で、ヘリの飛行経路にあたる約８キロで、落下物や被害がないか調査している。"
"防衛相、佐賀県知事に謝罪　陸自ヘリ墜落事故","2018年2月11日10時57分","社会,事件・事故・裁判,政治,国政","佐賀県神埼市で陸上自衛隊のＡＨ６４Ｄ戦闘ヘリコプターが住宅に墜落した事故で、小野寺五典防衛相は１１日午前、佐賀県庁で山口祥義知事と会談した。小野寺氏は「防衛省自衛隊として改めておわび申し上げる」と謝罪。山口知事は「最近、部隊関係の事故が多いように感じる。民間人を巻き込んではならないことを肝に銘じて欲しい」と応じた。ヘリ墜落、直撃の２軒のほか７軒で被害　陸自が確認防衛相、被害家族らに謝罪　ヘリ墜落事故後初の現地入り会談で知事は「今回の事故が起きたのは、小学校や幼稚園が立地する住宅地だ。大変憂慮している」と指摘。防衛相に対し、①原因究明②再発防止策の徹底③被害家族や住民への丁寧な対応の３点を要請した。これに対し、小野寺氏は原因究明について「（検証に）学識者も入って早急に結果を出して報告する」と強調。被害者への補償も「防衛省を挙げて誠心誠意対応する」と述べた。（相原亮）"
"「入院より在宅」促進　診療報酬改定、遠隔診療も拡大","2018年2月10日23時44分","社会,事件・事故・裁判,医療・健康・福祉（アピタル）","医療機関で治療を受けたり、薬を出してもらったりする時の４月からの値段が７日、決まった。医療ニーズが急増する「２０２５年問題」を乗り切るため、患者がなるべく入院せずに住み慣れた自宅や施設で治療を受けられる体制づくりを一層加速させる内容だ。遠隔診療の対象も広がる。中央社会保険医療協議会（中医協＝厚生労働相の諮問機関）がこの日、医療サービスの公定価格となる診療報酬の個別の改定内容を決め、答申した。診療報酬は２年に１度見直す。政府は昨年末、全体で１・１９％引き下げると決定。治療代などの「本体」は０・５５％引き上げ、薬代の「薬価」などは１・７４％引き下げるとした。中医協はこの範囲に収まるよう値段を決めた。原則１～３割の患者の自己負担額も変わる。今回の改定は、団塊の世代がすべて７５歳以上になる２５年を強く意識したものになった。今の年約４２兆３千億円から健康保険組合連合会の推計で約５７兆８千億円に膨らむとされる国民医療費をいかに抑えるかが課題だ。患者の急増で入院中心では受け皿が足りなくなる恐れもある。在宅の患者を支えるための柱は、２４時間診療に応じられる新たな仕組みだ。地域の複数の診療所などが連携し、２４時間連絡がついて往診できる体制を築いたら報酬を患者１人当たり月２１６０円加算する。スマートフォンやパソコンを通じて診察する遠隔診療は、保険対象を拡大する。対面診療と適切に組み合わせ、診察や日常生活の指導などをした場合の報酬を新設する。糖尿病といった生活習慣病患者の利用などを想定し、訪問診療や外来の代わりとしても使ってもらう狙いだ。１回当たりの治療代は安くなり、生活習慣病なら対面の２割ほどになる。国民医療費の４割ほどを占める入院費の新たな抑制策も打ち出した。急性期向けで患者７人に対して看護職員１人と最も配置が手厚く、報酬が高い「７対１病床」は高齢化による慢性疾患患者の増加でニーズが下がっているが、なかなか減らない。次に手厚い病床との入院基本料の差額が大きいためで、二つの基準を残しつつ基本料を７段階に細分化し、診療実績も加味して支払う基本料を決める。多死社会の本格化を前に、いまは８割が医療機関で亡くなっている「みとり」に備える見直しもした。６年に１度の同時報酬改定となった介護とも連携。患者の住み慣れた特別養護老人ホーム（特養）で外部の医師がみとった場合、医師側も特養側も報酬を受け取れるようになる。（水戸部六美）"
"ＳＮＳで架空請求、コンビニ払い狙う　収納代行悪用急増","2018年2月10日23時06分","社会,事件・事故・裁判,テック＆サイエンス","「収納代行」を悪用した新たな架空請求詐欺の手口が急増している。警察庁によると、昨年の被害は９２４件（被害総額８億３千万円）に上る。収納代行は、コンビニで十数桁の番号を店員に伝えたり、店内の端末に入力したりしてネット通販などの代金を収納代行業者を通じて支払うことができるサービス。番号は商品の注文時に「コンビニ払い」を選べば利用者に通知される仕組みだ。警察庁によると、犯人側は電子マネーのギフト券などをネット通販で注文して収納代行に必要な番号を入手。一方で「有料サイト利用料が未納」などとする虚偽の内容のショートメールを、不特定多数に送りつける。反応があった人に収納代行に使う番号を伝え、コンビニで支払わせる。被害者は有料サイトの利用料を支払ったつもりが、犯人側の買い物代を支払わされてしまう形だ。架空請求詐欺ではここ数年、被害者にコンビニでプリペイド式電子マネーを買わせて、記載された番号を聞き出し、犯人側が電子マネーを使う手口が目立っていた。ただ１枚の利用額の上限があり、多額の電子マネーを詐取するには被害者に大量に購入させる必要があり、店員に不審に思われるリスクがあった。このため、一度に１０万円以上の支払いもできる収納代行が狙われていると警察庁はみている。警察はコンビニなどと連携し、店内の端末に注意喚起表示をするなどの対策を進めている。（浦野直樹）"
"２１歳女性、首絞められ死亡　殺人未遂容疑で母親を逮捕","2018年2月10日23時00分","社会,事件・事故・裁判","娘を殺害しようとしたとして、警視庁は１０日、東京都昭島市田中町３丁目、無職清水悦子容疑者（６３）を殺人未遂の疑いで現行犯逮捕し、発表した。娘は搬送先の病院で死亡し、同庁は容疑を殺人に切り替えて詳しい動機などを調べる。清水容疑者は「殺そうとしたことは間違いない」と容疑を認めているという。昭島署によると、清水容疑者は１０日午後２時ごろ、自宅の集合住宅の一室で、長女で無職の萌さん（２１）の首を絞めて殺そうとした疑いがある。「子どもに手をかけた」という内容の電話を受けた都内の報道機関から同日午後２時２０分ごろに１１０番通報があり、駆けつけた署員が室内で首にネクタイが巻きつけられた状態で倒れている萌さんを発見した。萌さんは約２時間後に死亡が確認された。清水容疑者は萌さんと夫の３人暮らしで、夫は事件当時は外出中だったという。現場はＪＲ昭島駅の南西約３キロの多摩川沿いにある集合住宅の一角。"
"流出ＮＥＭ、闇サイトで別の仮想通貨と交換　警視庁確認","2018年2月10日21時41分","社会,事件・事故・裁判,有料記事","仮想通貨交換業者「コインチェック」（東京都渋谷区）から顧客資産の仮想通貨ＮＥＭ（ネム）約５８０億円分が不正流出した問題で、警視庁は、流出したＮＥＭの一部が別の仮想通貨に交換されたことを確認した。捜査関係者への取材でわかった。同庁は、流出に関与した人物が資金洗浄を進めた疑いがあるとみている。特集：仮想通貨流出問題とは捜査関係者によると、匿名化ソフトを使わないと接続できない「ダークウェブ（闇サイト）」上でＮＥＭと別の仮想通貨との交換を持ちかけるサイトを確認。９日までに、このサイトにアクセスした日本人男性と接触し、男性が別の仮想通貨「ライトコイン」と少額のＮＥＭを交換した事実を確認したという。このサイトの存在は、ＮＥＭが流出先の口座から別の口座に送金された際に添付されたメッセージに書かれていた。その際、「１５％オフ」などとＮＥＭを割安で交換すると読める文言もあった。流出先の口座の取引履歴を朝日新聞が解析したところ、警視庁がサイトの存在を確認した７日以降、ある特定の口座から不特定多数の口座へ３００回近く送金があった。総額は直近の相場で計４億円を超える。特定の口座から、サイトにアクセスした交換希望者にＮＥＭが渡っていた可能性がある。捜査幹部は「流出したＮＥＭとわかって交換に応じた場合、マネーロンダリングに関与したとみなされ捜査対象となる可能性がある」と話す。"
"横須賀基地の米兵が薬物使用・売買か　米紙報道","2018年2月10日20時06分","社会,事件・事故・裁判","米紙ウォールストリート・ジャーナルは９日、米海軍横須賀基地（神奈川県）に所属する兵士１０人以上が薬物を使用したり売買したりしていた疑いがあるとして米海軍が捜査していると報じた。インターネットなどを通じ日本人と売買していた可能性もあるという。同紙によると、薬物を使用していた兵士の一部は、原子力空母ロナルド・レーガンの乗組員という。（ワシントン＝土佐茂生）◇米紙ウォールストリート・ジャーナルが米海軍横須賀基地（神奈川県）に所属する兵士１０人以上が薬物を使用したり売買したりしていた疑いがあるとして米海軍が捜査していると報じたことについて、在日米海軍は１０日、取材に対し「海軍犯罪捜査局は横須賀を拠点とする複数の海軍兵を薬物使用及び売買の容疑で捜査中で、詳細はコメントできない。米海軍は薬物の乱用を一切許しておらず、不祥事を深刻に受け止めている」とコメントした。（前田基行）"
"強盗致死傷の疑いで男２人逮捕　甲府の会社役員死亡事件","2018年2月10日19時36分","社会,事件・事故・裁判","甲府市の住宅で２０１６年８月に会社役員の男性が暴行され死亡した事件で、山梨県警は１０日、神奈川県厚木市緑ケ丘５丁目の無職武井北斗容疑者（２４）と山梨県甲斐市富竹新田のアルバイト金丸拓人容疑者（２４）を強盗致死傷の疑いで逮捕し、発表した。いずれも認否を明らかにしていない。県警捜査１課によると、２人は１６年８月１７日午後１０時１５分ごろ、甲府市朝気１丁目の若宮利雄さん（当時７３）宅に押し入り、若宮さんに暴行を加え金品を奪おうとし、警報装置の作動で駆け付けた男性警備員（同３４）にも暴行を加えた疑いがある。腹などに暴行を受けた若宮さんは搬送先の病院で翌１８日に死亡し、警備員も顔などに約２週間の軽傷を負った。"
"母は溺死、次男は刺し傷　埼玉・所沢２遺体の死因判明","2018年2月10日19時22分","社会,事件・事故・裁判,埼玉","埼玉県所沢市西所沢１丁目の住宅で、住人の入江富美子さん（７６）と次男の幼稚園バス運転手大崎欣孝（よしたか）さん（５３）＝同市狭山ケ丘２丁目＝の遺体が見つかった事件で、県警は１０日、司法解剖の結果、入江さんは溺死（できし）、大崎さんは刺し傷により内臓に血などがたまる血気胸が死因だったと発表した。住宅で男女の遺体発見　母親と次男か　埼玉・所沢発表によると、２人の遺体は浴室で見つかった。入江さんに目立った外傷はなく、人為的に溺れさせられたのかどうかは特定できていないという。一方、大崎さんは上半身を刃物で複数回刺され、傷は臓器にも達していた。捜査関係者によると、血痕は浴室以外にもあったという。県警によると、入江さんは７日昼、大崎さんは同日夜以降、遺体が見つかった８日午後までの間に死亡したとみられる。入江さんと同居していた５０代男性とは、１０日夕の時点でなお連絡が取れていないといい、県警は何らかの事情を知っている可能性があるとみて行方を捜している。"
"防衛相、被害家族らに謝罪　ヘリ墜落事故後初の現地入り","2018年2月10日18時55分","社会,事件・事故・裁判,政治,国政,有料記事","佐賀県神埼（かんざき）市で陸上自衛隊のＡＨ６４Ｄ戦闘ヘリコプターが住宅に墜落した事故を受け、小野寺五典防衛相が１０日、事故後初めて現地入りした。小野寺氏は負傷した女児の家族や地元首長らに謝罪し、フライトレコーダーの分析などを通じて事故原因の究明を急ぐ考えを示したが、地元の不安を払拭（ふっしょく）できるかは不透明だ。【動画】陸自ヘリ墜落、真っ逆さまに　「住宅が燃えている」小野寺氏はこの日、墜落現場を視察した後、被害者家族と周辺３市町の役所を訪ねた。墜落現場では、炎上した住宅の被害状況などの説明を受けた。神埼市の松本茂幸市長との面会では、小野寺氏は「ご迷惑をおかけし、防衛省・自衛隊として心からおわび申し上げる」と頭を下げて謝罪。原因究明と再発防止に努めるとしたほか、主要部品は回収済みで放射性物質の影響はないことなどを説明した。同席した陸自幹部は、墜落した住宅のほかにも周辺の３軒に被害があると明らかにした。松本市長は「事故が二度とないようにお願いしたい。こういうこと（事故）が恒常的になることを非常に恐れている」と述べ、「しっかりと住民を守ってほしい」と強調した。小野寺氏は、被害家族とも非公開で面会した。面会後、記者団に「けがを負わせることになってしまったことについて謝罪させていただいた」と説明。住宅と生活の再建や心のケアにも取り組む考えを示した。小野寺氏の現地訪問は、事故から５日後。防衛省内では当初、原因がわからない中での訪問に消極論が強かった。しかし、安倍政権が九州北部で進める南西防衛の拠点づくりに水を差したくないという事情から、早期訪問が実現した。防衛省は来月、離島防衛の専門部隊「水陸機動団」を長崎県佐世保市に発足させる。この部隊を運ぶ輸送機オスプレイは佐賀空港に配備する方針だ。ただ、地元漁協の反発もあって配備計画は進んでいない。小野寺氏は１１日に佐賀県の山口祥義知事と会談する。今回の事故について改めて謝罪し、再発防止を約束する考えだが「オスプレイはただでさえ『危ない』と思われているのに、今回の事故は最悪」（防衛省幹部）なだけに、代替候補地の検討が加速しそうだ。（相原亮）"
"ＪＲ東海道線の窓ガラスにひび　「蒲田駅あたりで音」","2018年2月10日18時35分","社会,事件・事故・裁判","１０日午後３時半ごろ、ＪＲ品川駅（東京都港区高輪３丁目）の職員から「東海道線上り電車の窓ガラスが割れた」と１１０番通報があった。乗客は「川崎駅を出た後、蒲田駅を通過したあたりで音がした」などと話しているといい、警視庁とＪＲ東日本が詳しい原因を調べている。高輪署とＪＲ東によると、割れたのは１０両編成の電車の７号車の座席背面の窓ガラス。大きさは縦約９７センチ、横約７３センチで、１～２センチの穴が一つ開き、クモの巣状にひびが入っていた。車内から石などは発見されていない。けが人はいなかった。この電車は品川～小金井駅間を運休し、後続の電車は別のホームを使って運転を継続した。"
"父親の遺体を海に捨てた疑い、次男を逮捕　遺体は未発見","2018年2月10日13時16分","社会,事件・事故・裁判","愛知県田原市沖の三河湾で２０１６年１０月、父親の遺体を捨てたとして、愛知県警は１０日、次男の農業小林大介容疑者（３１）＝愛知県豊橋市牟呂公文町＝を死体遺棄容疑で逮捕し、発表した。容疑について黙秘しているという。県警によると、父親は不動産業の生治さん（当時６３）＝同市牟呂町。小林容疑者の逮捕容疑は、１６年１０月２４日ごろ、生治さんの遺体をゴムボートで三河湾へ運び、海中に投棄したというもの。生治さんはこの２日前、同居の母親が姿を見たのを最後に連絡が取れなくなり、同３１日に長男が豊橋署へ相談に訪れ、行方不明者届を提出していた。捜査関係者によると、小林容疑者は昨年３月、県警の任意の事情聴取を受けた際、三河湾に生治さんの遺体を遺棄した、と話していた。自分が生治さんを殺害した、という趣旨の説明もしていたといい、県警は、生治さんの死亡の経緯についても調べる。県警と海保で昨年３月以降、生治さんの捜索を続けているが、遺体は発見されていない。"
"ホテルの温泉で男性倒れる　硫化水素？救助の４人も搬送","2018年2月10日13時10分","社会,事件・事故・裁判,長野","９日午後２時４５分ごろ、長野県山ノ内町平穏の「志賀高原ホテル一望閣」の従業員から「風呂場で人が倒れている。硫黄の臭いがする」と１１９番通報があった。長野県警中野署や岳南広域消防本部によると、ホテルの浴室内で、スキースクールのスタッフの男性が倒れているのを他のスタッフが発見。救助のため浴室に入った男性スタッフ４人も、その後、体調不良を訴え、５人全員が病院に救急搬送された。いずれも命に別条はないという。同消防本部によると、ホテルの温泉には硫黄成分が含まれており、救出時に浴室内では、濃い硫化水素が検出された。署が換気の状況などを調べている。"
"陸自ヘリ墜落、防衛相が現場訪問　住民と面会へ","2018年2月10日11時53分","社会,事件・事故・裁判","佐賀県神埼（かんざき）市で陸上自衛隊のＡＨ６４Ｄ戦闘ヘリコプターが住宅に墜落した事故で、小野寺五典防衛相が１０日、墜落現場を訪れた。ヘリが墜落した住宅にいて軽傷を負った女児（１１）の父で、事故後に「なぜ試験飛行で小学校、幼稚園、民家があるような場所を飛行したのか」とのコメントを出した川口貴士さん（３５）とは午後に面会する予定だという。戦闘ヘリはエンジンの出力を主回転翼に伝える部品を交換した後の試験飛行で目達原（めたばる）駐屯地を離陸し、７分後の５日午後４時４０分ごろに墜落した。事故から５日後の１０日に現場に入った小野寺氏は、炎上した住宅の被害状況や落下物の回収状況などを陸上自衛官の説明を受けながら確認した。神埼市役所や墜落機が所属していた目達原駐屯地のある同県吉野ケ里町役場も訪問し、１１日には山口祥義知事と会談する。一方、陸自は１０日朝から１千人態勢で、駐屯地から現場までの約８キロの飛行経路で地上への落下物や被害の有無を確認している。"
"シンドラー社製エレベーター事故、元課長の無罪確定","2018年2月10日09時23分","社会,事件・事故・裁判","東京都港区の公共住宅で２００６年、シンドラー社製のエレベーターに市川大輔（ひろすけ）さん（当時１６）が挟まれて死亡した事故で、業務上過失致死罪に問われた同社元課長（４９）の無罪判決が１０日、確定した。一審の無罪を支持した東京高裁判決に対し、東京高検が期限の９日までに上告しなかった。シンドラー社製エレベーター事故、無罪確定へ無罪確定を受け、市川さんの母正子さん（６５）は「何ら落ち度のない１６歳の命が奪われたのに、法律で救えないことに大きな憤りを感じる。法律に阻まれ、どこに訴えたらいいのか、やりきれなさが募る」と語った。東京高検の曽木徹也次席検事は「上告を求めるご遺族の意向も踏まえ、判決内容を慎重に検討したが、適法な上告理由が見いだせず上告を断念せざるを得ない」とコメントした。今年１月の東京高裁判決は、事故原因とされたブレーキ部品の異常摩耗の発生時期について、「（元課長が最後に調べた）０５年１１月には発生していなかった可能性が高い」と判断し、検察側の控訴を棄却した。（長谷文）"
"日医大６．６億円申告漏れ、国税指摘　謝礼計上せず","2018年2月10日05時01分","社会,事件・事故・裁判,有料記事","学校法人・日本医科大学（東京都文京区）が、２０１７年３月期までの７年間で計約６億６千万円の申告漏れを東京国税局から指摘されたことがわかった。このうち約２千万円は、付属病院の医師の派遣先からの謝礼などを計上していなかったとして所得隠しと認定されたという。同大は「ほとんどは解釈の違いによるものだが、指摘に従い修正申告した」としている。関係者によると、申告漏れの大半は学校法人などの非課税制度をめぐるもの。公益目的事業に関係するとして申告した管理費の一部を、課税対象の収益事業に関係すると認定された。さらに、同大は各地の医療機関からの求めで付属病院の医師を派遣しているが、派遣先が支払った謝礼や紹介料などの一部を、学校法人の口座ではなく、派遣された医師が所属する医局の口座で受け取っていた。民間企業からの委託研究費などの一部もこうした口座に入っていたという。国税局は、これらの入金は収益事業で法人所得として申告すべきだったと認定した模様だ。謝礼や委託研究費、「実態見えにくい」国税局から所得隠しと認定された医師派遣の謝礼や企業からの委託研究費。日本医科大の医師らは「実態が見えにくい。もっと透明にすべきだ」と指摘する。「派遣先が田舎の小さな病院ほど、主任教授への『お礼』は大きいようだ」。同大付属病院の４０代の男性医師はそう話す。「派遣」の形は様々で、付属病院を退職して再就職先で１年ほど常勤をすることもあれば、在籍したまま週１回だけ診療を請け負うような例もあるという。「都心の病院でのアルバイトならいいが、引っ越して地方の病院で働くとなると多くの医師は尻込みする。そういう場合、病院側が主任教授にけっこうな額を払ったと聞いたことがある」同大の元主任教授の男性は在職中、盆暮れに企業や医療機関から大量の付け届けがあったと明かす。家族が現金入りの封筒を受け取ってしまったこともあったといい、あわてて送り返した。「自分は断ったが、受け取る人間がいても驚かない」と話す。同大の広報担当者は「外部との資金のやりとりは学校法人が窓口だが、一部の医局で徹底されていなかった」としている。（花野雄太）"
"バレンタインチョコ盗んだ疑い　「足踏まれ腹いせに」","2018年2月9日23時16分","社会,事件・事故・裁判,愛知","愛知県警中署は９日、百貨店の倉庫からバレンタイン用のチョコレートを盗んだとして、名古屋市中区のパートの女（５３）を建造物侵入と窃盗の疑いで逮捕し、発表した。容疑を認めているという。署によると、女は９日午後５時２５分ごろ、名古屋市中区の百貨店の地下倉庫に侵入し、百貨店で売られる予定だった有名ブランドのバレンタイン用チョコレート６箱が入った段ボール箱（販売価格計３万８８８０円）を盗んだ疑いがある。目撃した店員が現行犯逮捕した。署の調べに対し、女は「以前販売員に足を踏まれたが謝ってもらえず、腹いせにやった」と話しているという。"
"東京・中野の住宅で８０代夫妻が死亡　警察が死因調べる","2018年2月9日22時38分","社会,事件・事故・裁判","９日午後６時ごろ、東京都中野区弥生町４丁目の２階建て住宅で、住人の下邑（しもむら）政弥さん（８９）と妻の正代さん（８７）が２階の和室で倒れているのを家族が見つけ、１１０番通報した。２人はすでに死亡しており、警視庁が今後司法解剖して詳しい死因を調べる。中野署によると、和室は普段２人が寝室として使用しており、下邑さんは畳の上で、正代さんは布団の上で、いずれも部屋着姿でうつぶせの状態で見つかった。２人に目立った外傷はなく、室内に荒らされたような形跡もなかったという。下邑さん夫妻は５０代の長男夫妻と孫、５０代の次男との６人暮らしで、この日は次男以外は仕事で外出していたという。"
"客室のＮＨＫ受信料、ホテル側敗訴　最高裁判決","2018年2月9日22時36分","社会,事件・事故・裁判,カルチャー,テレビ・芸能","客室などにテレビを設置しているのに受信契約に応じないとして、ＮＨＫが東京都内のホテル運営会社に受信料の支払いを求めた訴訟で、最高裁第三小法廷（戸倉三郎裁判長）は９日、運営会社側の上告を退ける判決を言い渡した。運営会社側が客室数に応じた受信料をテレビ設置時から支払うよう命じた一、二審判決が確定した。最高裁大法廷は昨年１２月、契約に応じない個人の訴訟で、受信料制度を定めた放送法の規定を合憲と判断。今回の判決もこの判断を引用し、合憲と結論づけた。ＮＨＫによると、契約に応じない事業所に受信料支払いを求めた訴訟で、最高裁判決は初めてという。一、二審判決によると、運営会社は２０１３年８月までに、東京と群馬の三つのホテルの客室など計約２８０の部屋にテレビを設置した。同年１０月にＮＨＫから受信契約を申し込まれたが拒んだところ、設置当時からの受信料支払いを求めて裁判を起こされていた。ＮＨＫは「主張が認められた妥当な判決だと受け止めている」とのコメントを出した。（岡本玄）"
"遺体は７６歳母と５３歳次男　所沢の事件","2018年2月9日21時10分","社会,事件・事故・裁判,埼玉","埼玉県所沢市西所沢１丁目の住宅で男女の遺体が見つかった事件で、県警は９日、遺体は住人の入江富美子さん（７６）と、次男の幼稚園バス運転手大崎欣孝（よしたか）さん（５３）＝同市狭山ケ丘２丁目＝と判明したと発表した。県警は、大崎さんが殺害されたと断定し、所沢署に１００人態勢の捜査本部を設置した。住宅で男女の遺体発見　母親と次男か　埼玉・所沢発表によると、２人の遺体は２階建て住宅の１階浴室で発見された。大崎さんの上半身に複数の刺し傷があった。入江さんに目立った外傷はないが、司法解剖して詳しい死因を調べる。入江さんと同居していた５０代男性の所在がわからなくなっており、県警は何らかの事情を知っている可能性があるとみている。玄関や窓は施錠され、室内には大きく荒らされた形跡はなかったという。大崎さんは入江さんの介護のために７日に入江さん宅を訪れていたといい、８日、大崎さんの妻と兄（５５）が入江さん宅を訪れ、遺体を見つけた。"
"木造船乗組員８人を北朝鮮へ強制送還　札幌入管","2018年2月9日19時32分","社会,事件・事故・裁判,北海道","北朝鮮から来た木造船の乗組員が北海道松前町沖の松前小島で発電機などを盗んだとされる事件で、札幌入国管理局は９日、起訴された船長らを除く８人を北朝鮮に向けて強制送還した。木造船、突然のエンジン起動　海保が１時間後に確保札幌入管によると、強制送還されたのは、乗組員１０人のうち、窃盗罪で起訴された自称北朝鮮国籍の船長カン・ミョンハク被告（４５）と結核に感染して入院中の男性を除く８人。中国経由で送還したという。９日午前１０時２５分ごろ、乗組員を乗せたバスが札幌入管を出発。午後に新千歳空港から民間機で北京に向かったとみられる。"
"沖縄本島北部に油状の固まり　タンカー事故の流出油か","2018年2月9日16時48分","社会,事件・事故・裁判,沖縄","沖縄本島北部西岸の本部（もとぶ）町や今帰仁（なきじん）村の海岸で８日、油状の固まりなどが漂着しているのが見つかった。１月に東シナ海で起きたタンカー事故による流出油の可能性もあるとみて、第１１管区海上保安本部（那覇市）が調べている。油状固まり７キロ、鹿児島・宝島に　タンカー事故関連か１１管によると、８日午前１１時５５分ごろ、環境省那覇自然環境事務所から「今帰仁村の海岸に油が付着したペットボトルが流れ着いた」と連絡があり、その後、本部町からも同様の通報があった。１１管は９日午前までに、備瀬（びせ）海岸など両町村の５カ所から、油のような数十センチの黒い固まり計１６個と、油状のものが付いた漂着ごみのペットボトル計２４本を回収。成分はわかっていないが、いずれも強い刺激臭がするという。東シナ海では１月６日、中国・上海沖約３００キロの海上で、パナマ船籍のタンカーが貨物船と衝突。漂流したのち１４日に日本の排他的経済水域（ＥＥＺ）内で爆発して沈没し、大量の油が流出した。今月になって鹿児島県・奄美大島などで油の漂着が相次いでいた。"
"「マッサージ体験しませんか」体触った疑い　銀行員逮捕","2018年2月9日14時41分","社会,事件・事故・裁判","「マッサージの体験モニター」と称して声をかけた女性の体を触ったなどとして、警視庁が三井住友銀行員の谷川輝容疑者（２５）＝東京都世田谷区＝を準強制わいせつの疑いで逮捕していたことが、綾瀬署への取材でわかった。署は認否は明らかにしていない。署によると、谷川容疑者は１月上旬の日中、東京都足立区の路上で２０代女性に「マッサージの体験モニターになりませんか」などと声をかけてホテルに誘い込み、上半身を触るなどした疑いがある。同区内では昨年１２月以降、同様の言葉で声をかけられた女性の被害が数件確認されており、署が関連を調べている。三井住友銀行によると、谷川容疑者は同区内の支店に勤務し、主に法人営業を担当していた。同行は「捜査中につき内容はわかりかねますが、事実関係を確認し、事実であれば厳正に対処します」とコメントした。"
"住宅火災、１人死亡　３人と連絡取れず　広島・江田島","2018年2月9日11時38分","社会,事件・事故・裁判,広島","９日午前５時ごろ、広島県江田島市大柿町柿浦の稲田順子さん（７５）方付近から出火、木造２階建て住宅が全焼した。広島県警によると、焼け跡から１人が焼死体で見つかったという。県警が遺体の身元や出火原因を調べている。県警によると、この住宅には稲田さんのほか、７０代と５０代の男性の計３人が住んでいるとみられ、いずれも連絡が取れていないという。江田島市は、広島湾に浮かぶ能美島と江田島、その周辺に点在する島々からなる。現場は、能美島にある同市役所から東に約１キロ離れた海沿いの住宅地。現場近くに住むカキ養殖業者の男性は「消防車のサイレンで目が覚めた。普段はのどかな場所なのに」と言葉を詰まらせた。近所に住む女性（７７）も隣人の「火事じゃ、逃げて」という声で自宅の外に出たという。「火が燃え広がるのが早かった。近くで火事が起きるなんて」と驚いた様子だった。近くの自動車販売業の男性は「２００メートルほど離れた自宅からでも黒煙が上がっているのが見えた。２階が焼け落ちるほど激しく燃えていて、近づけなかった」と不安そうに話した。"
"陸自ヘリ墜落、防衛相が現場訪問し謝罪へ","2018年2月9日11時24分","社会,事件・事故・裁判,政治,国政,地方政治","小野寺五典防衛相は９日午前の閣議後会見で、陸上自衛隊の戦闘ヘリコプターが住宅に墜落した佐賀県神埼（かんざき）市の現場などを１０、１１日に訪問し、関係者に謝罪する方針を明らかにした。小野寺氏は「大臣として直接謝罪に伺い、現地の状況も確認したい」と語った。１０日に神埼市役所や墜落現場を、１１日に佐賀県庁を訪問し、山口祥義知事らと会談する。墜落で負傷した女児の家族に対しても「可能であれば、お会いして謝罪したい」との意向を示した。（相原亮）"
"盗んだ仮想通貨、ＮＺで入出金　他の通貨との交換狙う？","2018年2月9日05時07分","社会,事件・事故・裁判,テック＆サイエンス,有料会員限定記事","仮想通貨交換所「コインチェック」から約５８０億円分の仮想通貨ＮＥＭ（ネム）が流出した問題で、ＮＥＭの流出先の口座とニュージーランドの仮想通貨交換所との間で、頻繁に入出金が繰り返されていることがわかった。他の仮想通貨との交換を狙った可能性もある。一方、交換所の口座を通じて、アクセス元やハッカーの身元特定につながる有力な情報が得られる可能性があり、警視庁もこうした経緯を把握して捜査している。特集：仮想通貨流出問題とは朝日新聞が流出先の口座の取引記録を解析したところ、ハッカーは不正アクセスによって流出させたＮＥＭを、８日未明の段階で計４５口座に分散して保管している。監視の目を逃れるためとみられる。この口座から、米国やチェコなど九つの仮想通貨交換所などに送金した形跡があった。いずれも直近の相場で１回の送金額は６０円から９０万円分だった。この中で、送金だけでなく入金もあったのがニュージーランドに運営会社がある交換所「クリプトピア」。２月１～８日未明の間に計２１回、ＮＥＭの流出先の口座からクリプトピアの口座に、直近の価格で約計４０万円分のＮＥＭの送金が繰り返されていた。逆に１月３１日午前１時４１分、直近の相場で約６０円分のＮＥＭが、クリプトピア側から流出先の口座に入金。翌２月１日午前３時１６分にも、別の流出先口座に約２万円分の入金があった。ＮＥＭの普及啓発団体の関係者が流出先の口座を監視対象に加えたのは１日午前１１時ごろ、それ以前は流出先の口座は外部には知られていなかった。クリプトピアの口座に送金されたＮＥＭは他の仮想通貨に交換された可能性もあるが、交換所内の動きを外部から確認することはできない。朝日新聞はクリプトピアの運営会社に計６回、メールで質問状を送っているが、回答はない。仮想通貨の仕組みに詳しいセキュリティー専門家の杉浦隆幸さんは、ハッカーが以前からクリプトピアに口座を開設し、他の仮想通貨との交換を狙ったとの見方を示す。開設時に登録した名前やメールアドレス、多額の送金手続きに必要な本人確認書類、接続したＩＰアドレス（ネット上の住所）などが存在する可能性を挙げ「ハッカーの身元特定につながる有力な情報が得られるかもしれない」という。（編集委員・須藤龍也、荒ちひろ）"
"陸自ヘリ墜落、部品の強度に不具合か　交換したばかり","2018年2月9日05時07分","社会,事件・事故・裁判","佐賀県神埼（かんざき）市で陸上自衛隊のＡＨ６４Ｄ戦闘ヘリコプターが住宅に墜落した事故で、エンジンの出力をメインローター（主回転翼）に伝える「メイン・ローター・ヘッド」と呼ばれる部品の強度に不具合があった可能性が浮上していることが防衛省への取材で分かった。陸自が組み立てたり接合したりした箇所ではなく、メーカーから納入された状態で取り付けられた部品そのものが破損していたという。陸自は８日、墜落現場となった住宅の敷地からヘッドの残りの部分やエンジンなどを回収した。今後、部品のメーカーからも聞き取りをしながら事故原因の特定を進める。防衛省によると、事故機に４本あるメインローター（長さ６・３５メートル、幅５１センチ、重さ約７０キロ）は通常、ボルトやピンによってヘッドと接合されている。墜落現場から南東約５００メートル付近の用水路で見つかった１本のメインローターは、ヘッドの一部と接合された状態で見つかり、ヘッドの根元から破損していた。また、墜落現場の住宅の敷地からは、ほかにメインローター２本が見つかっている。事故機は１月１８日から２月４日までの間、定期整備を受け、ヘッドはこの間に交換された。防衛省によると、陸自側でローターとヘッドを接合する一方、ヘッドについては組み立てられた状態の新品がメーカーから納入され、そのまま取り付けられたという。このため、ヘッドの強度そのものに不具合があった可能性が浮上したという。陸自トップの山崎幸二陸上幕僚長は８日の記者会見で、事故について改めて陳謝したうえで「揚力がある限り、パイロットは操縦しながら民有地を回避するが、（今回は）突然揚力を失い、墜落している。通常では考えられない事故だ」と述べた。"
"十両・大砂嵐、事故と別の日にも無免許運転の疑い","2018年2月9日05時06分","社会,事件・事故・裁判,スポーツ,相撲,長野","大相撲の十両・大砂嵐（２５）＝エジプト出身、大嶽部屋＝が１月３日だけでなく、１月１日にも長野県内で無免許運転をしていた疑いがあることが、長野地検への取材で分かった。長野県警が今月７日に道交法違反（無免許運転）容疑で地検に書類送検した際、１月１日に運転した容疑も加えたという。大砂嵐が無免許運転か、本人否認　協会は力士の運転禁止地検によると、大砂嵐は１月１日に同県中野市内で、同３日に同県山ノ内町内で、国内で有効な運転免許証を持たずに乗用車を運転した疑いが持たれている。捜査関係者によると、大砂嵐と妻が乗った車は３日、山ノ内町で追突事故を起こした。防犯カメラの映像などから、県警は大砂嵐が運転していたと判断。捜査の過程で、１日に運転した容疑も浮かんだという。大砂嵐は、日本相撲協会の調査には「妊娠している妻が事故を起こし、かばうために運転席に移った」と説明していた。"
"「過労死のある社会、恥ずかしい」亡き息子の思いつなぐ","2018年2月9日00時06分","社会,事件・事故・裁判,有料記事","深夜勤務後のバイク事故で息子の渡辺航太さん（当時２４）を亡くした母、淳子さんが８日、都内で記者会見を開いた。発言の要旨は次の通り。「過労事故死」で遺族と会社和解　裁判長が異例の言及◇２０１５年６月１１日、第一回期日に陳述を行うために、横浜地裁川崎支部１０１号法廷に私は立ちました。息子を失った喪失感と、自分が生きながらえていることへの罪悪感でいっぱいでした。しかし、なんとか心を整え、陳述書を読み上げることができました。その時、橋本裁判長は「命の重みに向き合い、真摯（しんし）に審理します」とおっしゃって下さいました。それから約２年１０カ月、（私は）息子の真実を伝え続けて参りました。そして本日、（裁判長に）その時の約束を守っていただき、真摯（しんし）に審理された結果が画期的な和解解決となりましたことを、皆さまにご報告いたします。息子は成人して２４歳になっていました。母親として精いっぱいの教育をしてきました。社会に出て、どのような活躍をするのだろうか。（航太は）夢であり、希望でした。それが一瞬のうちに絶望に変わることは予想しておりませんでした。生きること全てが奇跡であり、それを喜び、楽しむことをモットーとしている息子でした。私の息子は１３年１０月、希望を膨らませ、グリーンディスプレイ社にアルバイトとして入社して働き始めました。年末は繁忙期ということでしたが、年が明けても働き方に大きな変化はありませんでした。しかし、正社員になりたいとの思いから、迷いながらも頑張っていたと思います。３月半ばにやっと正社員になれました。目的が一つかなったことはうれしいが、この働き方を続けるべきかを考え直そうとしていた様子でした。だが、現実は忙しい毎日をこなすだけで精いっぱいでした。時間外労働が８０時間を超える長時間で不規則な労働、睡眠不足の中で疲労を蓄積させていきました。公共交通機関が利用できない時間帯の通勤があるため、原付きバイクの利用を指示・容認されていたことが原因で、１４年４月２４日、前日から２０時間以上の長時間労働から、早朝の帰宅途中に原付きバイクでの事故に至り、命を落としました。息子は社会に出たばかりの新入社員でした。慣れない日々をこなすことだけで、働き方を考え直す時間さえも与えられないまま、命を落としてしまいました。無念だったと思います。愛する息子がなぜ命を落とさなくてはならなかったのか、理由を知りたいと思い、１５年４月２４日、亡き航太の命日にグリーンディスプレイを提訴することにいたしました。中小企業でも大企業でも、労働者の命を預かり、雇用する責任に全く変わりはないと思います。長時間で不規則な働かせ方は身体に大きなダメージを与えます。新入社員であることの緊張感や、慣れない仕事に取り組むことは、精神的にも肉体的にも大きな負担がかかります。それが原因で息子の人生が断たれてしまったことに、言葉にならないほどの残酷さ、無念さが残ります。この裁判において、帰宅途中の事故であってもグリーンディスプレイの責任を明らかにしていただきました。これは私の悲願でした。事故の原因が過労によるものであり、適切な対応がなされなかったことに対して、安全配慮義務違反を認めさせ、前例になったことに大きな意味があると考えています。今後の過労死問題において、「過労事故死」が公になることで、大きな影響があると考えています。息子の無念な気持ちをくんで、「過労事故死」についても各企業が十分な予防対策を講じることを期待しています。グリーンディスプレイは、安全配慮義務違反で入社したばかりの青年が命を落とした事実を認め、謝罪、再発防止を実行して信頼回復を目指し、あらゆる企業の模範になるよう、心から願っております。息子は、仕事の内容は大変気に入っていました。誠実に取り組んでいたことは会社内外の方々、上司・同僚からも多く聞かれました。息子も（再発防止策の実行を）心から期待するものと思っています。和解協議の折に裁判長から「（淳子さんの）陳述書において、『亡き航太が社会貢献の意欲があった』と示されている。過労事故死について、再発防止への社会貢献をお母さんが代わって行うことで、亡き航太の思いをつなげることになるのではないか」との提案がなされました。私はその意味を深く考え、受けとめることにいたしました。私は過労死のある日本社会を恥ずかしく思います。私たちは働くために生きているのではなく、生きるために働いています。自由で幸せな生活を求めて働いています。そのためには、まずなによりも命を守ることが大前提です。過重労働などが原因で健康を損ない、ケガをすることがあってはなりません。人間の能力は、人が思うより繊細であり、万能でもありません。そして、必ずしも自分の状態を正確に自覚できるものでもありません。そばにいる家族や友人がすべてを把握できるものでもありません。人間の限界を試すような働き方で、生産性を上げていくという考え方は間違っています。人間の能力に合った働き方を、早急に立法、司法、行政、国民全体で全力をあげて考え直し、過労死のない社会を築いていただきたいと心から願っています。それを実現することが亡き息子から私たちに望む、「未来への責任」だと考えております。ちょうど４年前の２月にも東京に大雪が降りました。我が家のある八王子ではひざの丈まで雪が積もっており、私一人では当然歩けるものではありませんでした。雪かきをする時間もなく、普通であれば１０分で行ける駅まで、途方に暮れるほど遠く感じました。大柄の航太は私の前をざっくざっくと歩き、その足跡にちょうどブーツをはくような要領で、一歩ずつ私も前進していったのを思い出します。時々ふり返り、「がんばって」と声をかけてくれます。何倍もの時間がかかりましたが、おかげで駅にたどり着くことができました。その２カ月後には息子はいなくなってしまいました。雪が降るたびに、たくましく優しい息子を思い出します。これから、私の人生が終わる時まで、航太とともに励まし合いながら雪道を歩いていた時のように、少しずつ前進していきたいと思っております。"
"住宅で男女の遺体発見　母親と次男か　埼玉・所沢","2018年2月8日22時47分","社会,事件・事故・裁判,埼玉","８日午後１時５０分ごろ、埼玉県所沢市西所沢１丁目の住宅で人が亡くなっていると１１０番通報があった。県警によると男女の遺体がみつかり、男性の遺体には複数の傷があった。県警は、遺体はこの家に住む７０代女性と、別居している５０代の次男とみて、殺人容疑で捜査を始めた。この家に同居していた５０代男性の行方がわからなくなっているといい、何らかの事情を知っているとみて捜している。捜査１課によると、次男は母親の世話をするため母親宅にしばしば通っており、７日夜も母親宅に行っていたという。８日朝、次男が会社を欠勤したことから、長男（５５）と次男の妻が母親宅を訪ねたところ、遺体を見つけた。女性の遺体には目立った外傷はないという。現場は２階建ての住宅で、玄関は施錠されていたという。現場は西武池袋線西所沢駅から北に約３００メートルの住宅街。近くの住人らによると、以前は母親が犬の散歩をしていたが、数年前に病気になって外出が減った。同居人の男性は次男の知人といい、最近はこの男性が犬の散歩をしていたという。"
"慰安婦めぐる訴訟、二審も朝日新聞勝訴　東京高裁","2018年2月8日21時42分","社会,事件・事故・裁判","朝日新聞の慰安婦に関する報道で誤った事実が世界に広まり名誉を傷つけられたなどとして、国内外に住む６２人が朝日新聞社に謝罪広告の掲載などを求めた訴訟の控訴審判決が８日、東京高裁であった。阿部潤裁判長は請求を棄却した一審・東京地裁判決を支持し、原告側の控訴を棄却した。訴えの対象とされたのは、慰安婦を強制連行したとする吉田清治氏の証言に関する記事など。米国グレンデール市近郊に住む原告らは「同市などに慰安婦像が設置され、嫌がらせを受けるなど、市民生活での損害を受けた」として、１人当たり１００万円の損害賠償も求めていた。高裁判決はまず、一審判決を踏襲し、「記事の対象は旧日本軍や政府で、原告らではない」として名誉毀損（きそん）の成立を否定した。原告側は、記事により「日本人が２０万人以上の朝鮮人女性を強制連行し、性奴隷として酷使したという風評」を米国の多くの人が信じたため、被害を受けたとも訴えていた。高裁判決はこの点について、「記事が、この風聞を形成した主要な役割を果たしたと認めるには十分ではない」と指摘。さらに、「読者の受け止めは個人の考えや思想信条が大きく影響する」などと述べ、被害と記事の因果関係を否定した。一審の原告は２５５７人だったが、このうち６２人が控訴していた。朝日新聞の慰安婦報道を巡っては、他に二つのグループも訴訟を起こしていたが、いずれも請求を棄却する判決が確定している。原告側は判決後に会見し、代理人弁護士は「大変残念だ。上告するか検討する」と話した。◇朝日新聞社広報部の話　弊社の主張が全面的に認められたと考えています。国際的影響「主な役割」否定今回の裁判の争点の一つは、朝日新聞の慰安婦報道が国際的に影響を及ぼしたかどうかだった。「主要な役割を果たしたと認めるには十分ではない」と高裁判決は認定した。朝日新聞社が委嘱した第三者委員会は２０１４年１２月の報告書で「国際社会に対してあまり影響がなかった」「大きな影響を及ぼした証拠も決定的ではない」とする委員の意見を紹介。韓国への影響については見解が分かれ、「韓国の慰安婦問題批判を過激化させた」「韓国メディアに大きな影響を及ぼしたとはいえない」と両論を併記した。１６年２月の国連女子差別撤廃委員会で外務省の杉山晋輔外務審議官（当時）は、慰安婦を狩り出したと述べた吉田清治氏について「虚偽の事実を捏造（ねつぞう）して発表した」と説明。「朝日新聞により事実であるかのように大きく報道され、日本、韓国の世論のみならず国際社会にも大きな影響を与えた」と述べた。これに対し朝日新聞社は「根拠を示さない発言で、遺憾だ」と外務省に申し入れた。今回の訴訟で原告側は、杉山氏の発言を証拠として提出。８日の東京高裁判決では「朝日報道が慰安婦問題に関する国際社会の認識に影響を与えたとする見解がある」とした昨年４月の東京地裁判決を引用しつつ、吉田氏の証言（吉田証言）について「国際世論にどう影響を及ぼしたかについては原告らと異なる見方がある」と述べた。原告側はまた、慰安婦問題を報じた朝日新聞の記事が、１９９６年に国連人権委員会特別報告者クマラスワミ氏が提出した「クマラスワミ報告」に影響を与えたとも主張。この報告は慰安婦問題について、法的責任を認め被害者に補償するよう日本政府に勧告していた。高裁判決は一審判決を踏まえ、「クマラスワミ報告は吉田証言を唯一の根拠としておらず、元慰安婦からの聞き取り調査をも根拠としている」と指摘。慰安婦問題をめぐり日本政府に謝罪を求めた０７年の米下院決議についても、「説明資料に吉田氏の著書は用いられていない」とした。さらに、朝日新聞の報道が韓国に影響したとの原告側の主張に対しては、高裁判決は「韓国では４６年ごろから慰安婦についての報道がされていた」と認定した。慰安婦問題を巡る朝日新聞社報道の経緯朝日新聞は２０１４年８月５、６日、慰安婦問題をめぐる自社報道の検証特集を掲載。「女性を狩り出した」などの吉田清治氏の証言（吉田証言）は「虚偽だった」として記事を取り消すなどした。「慰安婦」と「挺身（ていしん）隊」を混同した記事があったとも述べた。朝日新聞社が委嘱した第三者委員会は１４年１２月の報告書で、吉田証言の報道について「研究者に疑問を提起された１９９２年以降も、取り扱いを減らす消極的対応に終始した」と指摘。朝日新聞社は「吉田証言記事などの誤りを長年放置したことを改めておわびします」と紙面で謝罪した。その際、「原点に立ち戻り、慰安婦問題の証言や国内外の研究成果などを丹念に当たります」と約束したのを受け、朝日新聞は１４年暮れから、慰安婦問題を考える一連の特集記事を掲載してきた。日本軍で慰安所が設けられた経緯を軍や警察の公文書で検証し、慰安婦碑・像の設置をめぐる米国の論争を特集。韓国で慰安婦と「挺身隊」が混同された経緯をたどり、韓国人元慰安婦の足跡を証言や資料で追った。植民地支配下の朝鮮半島での慰安婦の動員や、戦犯裁判における性暴力の扱いについても、裁判資料や研究者の解説をもとに詳しく紹介した。これまでの３訴訟の経緯朝日新聞の慰安婦報道をめぐっては、今回の訴訟を含めて三つのグループが朝日新聞社を相手取り集団訴訟を起こした。うち二つの訴訟は原告側の請求を棄却する判決が確定している。２０１５年１月に渡部昇一・上智大名誉教授（故人）らが提訴した訴訟では、原告約２万５千人が「慰安婦に関する虚報で、国民の名誉が傷つけられた」として謝罪広告や慰謝料を求めた。東京地裁は１６年７月に原告側の請求を棄却。東京高裁も１７年９月の判決で原告側の控訴を棄却し、原告側が上告せず確定した。１５年２月には東京都や山梨県の住民ら約４８０人が「読者や国民の知る権利が侵害された」として損害賠償を求めて提訴。東京地裁は１６年９月、東京高裁は１７年３月の判決でいずれも原告側請求を棄却し、最高裁が１７年１０月に上告を退けて判決が確定した。１６年８月にはほぼ同内容の訴状で１５０人が甲府地裁に提訴したが、１７年１１月の判決で原告側請求が棄却され、原告側が控訴せず確定した。今回、東京高裁で判決が出た訴訟は１５年２月提訴。米国や日本に住む約２５００人が一審の原告となった。東京地裁は１７年４月の判決で原告側請求を棄却し、原告側が控訴していた。"
"「過労事故死」で遺族と会社和解　裁判長が異例の言及","2018年2月8日21時31分","社会,事件・事故・裁判,有料記事","深夜勤務後の帰宅中にバイク事故で死亡した会社員の男性（当時２４）の遺族が会社に損害賠償を求めた訴訟の和解が８日、横浜地裁川崎支部で成立した。会社が遺族に謝罪し、約７６００万円を支払う内容。遺族側代理人の川岸卓哉弁護士によると、帰宅中の事故死で企業に安全配慮義務があると裁判所が認めた例は極めて珍しいという。「過労死のある社会、恥ずかしい」亡き息子の思いつなぐ亡くなったのは、観葉植物などの装飾を手がける会社、グリーンディスプレイ（本社・東京）に勤めていた渡辺航太さん。長時間の深夜勤務を終え、横浜市の職場から都内の自宅にバイクで戻る途中の２０１４年４月２４日午前９時過ぎ、電柱にぶつかる単独事故を起こして死亡した。母淳子さんらが翌年、長時間労働が事故の原因だとして約１億円の損害賠償を求めて提訴していた。同支部の橋本英史裁判長は和解勧告で、通勤中の事故にも企業に安全配慮義務があると認めた。事故の原因は居眠りだったとし、過労状態を認識していた会社側が公共交通機関を使うよう指示するなどして事故を避けるべきだったと指摘。和解金の支払いに加え、従業員の負担軽減▽終業から次の始業までの休息（１１時間）の確保▽深夜のタクシー利用を促す――など、事故後に講じた再発防止策に引き続き取り組むことを和解条件とした。過労による事故死が多数発生している可能性にも言及し、「本件を契機に『過労事故死』の労働災害の事故の類型が公になり、今後、過労死、過労自殺とともに社会全体として防止に向けた対策が十分に推進されていくことが期待される」とも述べた。橋本裁判長は「過労死のない社会は社会全体の悲願である。（企業は）長時間労働の削減と労働環境の整備に努めることが求められている」と和解勧告の書面を読み上げ、事故死を含めた過労死の防止を訴える異例の言及もした。正社員として働き始めた翌月に亡くなった渡辺さんについて、「希望にあふれていたのに未来を絶たれた被害者の無念さ、遺族の悲痛な心情と喪失感に思いを致す」とも述べた。龍谷大の脇田滋名誉教授（労働法）は「会社の指揮命令下から外れる通勤中は、事故が起きても会社に責任はないとされるのが一般的。直前までの過重業務を裁判長が重視し、帰宅中の事故でも会社に安全配慮義務があるとしたのは画期的で、他企業にも警鐘となるケースだ」と指摘する。淳子さんは８日に都内で記者会見し、「息子の無念な気持ちをくみ、過労事故死についても企業が十分な予防対策を講じることを期待します」と話した。（牧内昇平）"
"女児、大きな音「怖い」　ヘリ墜落時の状況、父親が説明","2018年2月8日21時03分","社会,事件・事故・裁判,佐賀","佐賀県神埼市で陸上自衛隊のＡＨ６４Ｄ戦闘ヘリコプターが墜落した事故で、被災した住宅の世帯主・川口貴士さん（３５）が８日、報道各社の要請に応じ、当時の状況や事故への思いについて文書でコメントした。墜落があったのは、５日午後４時４０分ごろ。川口さんによると、小学５年生の長女（１１）が家にいた。長女は２階で着替えを取って１階に下り、着替えを済ませた。洗濯物を洗濯機に持っていき、リビングに移った時だった。工事現場のような大きな音がし、直後に地震のような大きな揺れ。家の中が真っ白になり、長女は南側の割れた窓から、着の身着のままで外へ飛び出した。別棟から外に出てきた祖母（６９）と合流し避難した。長女の様子について「けがは回復に向かっていますが、大きな音に敏感になっており、『怖い』と言って恐怖心を持っています」とし、その上で「娘の精神的な問題が気がかり。なぜ試験飛行で小学校、幼稚園、民家があるような場所を飛行したのか？という不信感があります。本当にこのような事故があってはならないということを感じています」と心境を明かした。"
"欧米のサーバーから不正接続、ＮＥＭ流出の２～３日前","2018年2月8日21時01分","社会,事件・事故・裁判,経済,金融・財政,テック＆サイエンス","仮想通貨交換業者「コインチェック」から顧客資産の仮想通貨ＮＥＭ（ネム）約５８０億円分が不正流出した問題で、流出の２～３日前、同社の社内ネットワークに欧米のサーバーから不正な接続が相次いでいたことが、捜査関係者への取材でわかった。警視庁は、海外の捜査当局などへの捜査協力依頼を始めており、発信元の特定を進める。捜査関係者によると、不正接続は、警視庁が同社から提供を受けた社内ネットワークへの通信記録の解析で判明した。不正接続はＮＥＭが流出した３日前の１月２３日ごろに始まり、２４日まで断続的に続いた。これまでの解析で、少なくとも欧米の１カ国のサーバーが発信元だったことが確認されたという。警視庁は、不正接続した何者かがＮＥＭの口座を操作するために必要な「暗号鍵」の情報を盗んだ疑いがあるとみている。警視庁は、海外のサーバー運営会社などに発信元のＩＰアドレスや接続記録などの情報を照会しているが、これまでの不正アクセス事件では、発信元の特定を困難にするために複数の国のサーバーを経由させる技術が悪用されているケースが多い。今回も実際の発信元は別の国の可能性もあるとみて、さらに詳しい解析を進める。"
"作家の菅野完氏、二審も敗訴　女性をベッドに押し倒す","2018年2月8日19時57分","社会,事件・事故・裁判","ノンフィクション作家の菅野完（たもつ）氏に無理やり体を触られるなどして精神的苦痛を受けたとして、知人女性が２２０万円の損害賠償を求めた訴訟の控訴審判決が８日に東京高裁であった。阿部潤裁判長は女性への不法行為を認めて慰謝料など１１０万円の支払いを命じた一審・東京地裁判決を支持し、菅野氏の控訴を棄却した。判決によると、女性は２０１２年に菅野氏と知り合い、同年７月に菅野氏を自宅に招いた際に、同意がないままベッドに押し倒されたり、ほおにキスされたりした。女性はその後、不眠やうつと診断された。"
